Home Team,Away Team,Result,Home Team Goals Scored,Away Team Goals Scored,Home Team Possession %,Away Team Possession %,Winning Team Possession Difference %,Home Team Off Target Shots,Away Team Off Target Shots,Home Team On Target Shots,Away Team On Target Shots,Home Team Total Shots,Away Team Total Shots,Home Team Blocked Shots,Away Team Blocked Shots,Home Team Corners,Away Team Corners,Home Team Throw Ins,Away Team Throw Ins,Home Team Pass Success %,Away Team Pass Success %,Home Team Clearances,Away Team Clearances,Home Team Fouls,Away Team Fouls,Home Team Yellow Cards,Away Team Yellow Cards,Home Team Second Yellow Cards,Away Team Second Yellow Cards,Home Team Red Cards,Away Team Red Cards,Home Team Goals Conceeded,Away Team Goals Conceeded,year,Half Time Score,Score,Match Excitement,Home Team Rating,Away Team Rating,Home Team Aerials Won,Away Team Aerials Won
0,1,Home Team,2,0,57,43,33,7,5,5,4,20,10,8,1,2,0,16,22,89,83,12,25,15,17,4,4,0,0,0,0,0,2,2014,1-0,2-0,5.3,7.1,5.5,7,13
0,1,Home Team,3,1,44,56,-21,3,12,4,4,7,20,0,4,0,10,22,17,78,86,34,20,10,20,2,3,0,0,0,0,1,3,2014,1-0,03-Jan,6.2,6.4,5.5,20,15
0,1,Home Team,2,0,47,53,-11,7,7,5,2,15,14,3,5,3,9,14,22,81,84,37,22,10,9,2,2,0,0,0,0,0,2,2014,0-0,2-0,4.4,6.5,5.6,20,19
0,1,Home Team,1,0,41,59,-31,3,3,5,1,9,12,1,8,4,7,16,27,78,87,35,16,10,19,2,2,0,0,0,0,0,1,2014,1-0,1-0,3.5,7.9,4.4,9,18
0,1,Home Team,2,0,56,44,27,6,3,7,1,18,9,5,5,4,6,20,18,90,82,22,22,13,14,0,1,0,0,0,0,0,2,2014,1-0,2-0,4.4,7.7,5.1,12,5
0,1,Home Team,2,0,44,56,-21,3,7,4,0,8,8,1,1,3,5,19,17,81,84,26,14,18,17,3,4,0,0,0,0,0,2,2014,1-0,2-0,3.9,7,5.3,14,11
0,1,Home Team,3,0,58,42,38,6,4,6,1,17,7,5,2,7,1,20,10,88,77,18,20,26,10,3,1,0,0,0,0,0,3,2014,1-0,3-0,4.8,7.4,5.4,8,13
0,1,Home Team,7,0,62,38,63,6,9,11,2,22,13,5,2,6,1,17,20,85,78,11,21,16,12,0,1,0,0,0,1,0,7,2014,4-0,7-0,7,10,3.6,12,16
0,1,Home Team,2,1,50,50,0,4,11,5,4,14,18,5,3,10,5,25,17,82,83,23,29,9,12,4,2,0,0,0,0,1,2,2014,44562,02-Jan,6,6.4,5.7,16,18
0,1,Home Team,2,0,58,42,38,3,5,3,2,7,9,1,2,0,6,18,22,89,84,13,14,16,13,1,1,0,0,0,0,0,2,2014,2-0,2-0,4,6.9,6,3,8
0,1,Home Team,1,0,42,58,-28,4,7,4,7,9,18,1,4,3,7,23,29,73,79,35,20,11,19,2,2,0,1,0,0,0,1,2014,0-0,1-0,4.8,6.6,6.2,15,12
0,1,Home Team,1,0,44,56,-21,4,3,3,3,9,9,2,3,0,9,29,22,73,82,37,25,12,12,1,3,0,0,0,0,0,1,2014,0-0,1-0,3.4,6.3,6.3,20,26
0,1,Home Team,2,0,44,56,-21,12,7,6,2,21,13,3,4,6,11,20,20,73,81,22,17,14,15,1,3,0,0,0,0,0,2,2014,1-0,2-0,5.9,6.7,5.3,21,14
0,1,Home Team,3,0,71,29,145,8,0,13,1,29,1,8,0,6,2,17,18,90,66,7,24,10,14,0,3,0,0,0,0,0,3,2014,1-0,3-0,5.7,8.4,4.3,15,9
0,1,Home Team,2,1,57,43,33,9,1,4,3,16,5,3,1,6,1,24,20,79,71,37,20,25,27,1,3,0,0,0,0,1,2,2014,1-0,02-Jan,5.5,6.4,5.8,18,13
0,1,Home Team,2,0,71,29,145,13,3,5,3,23,9,5,3,10,2,18,12,89,76,25,44,13,4,1,1,0,0,0,0,0,2,2014,0-0,2-0,5.5,7.4,5.7,10,11
0,1,Home Team,4,2,39,61,-36,4,6,5,6,12,18,3,6,6,4,28,37,76,83,42,11,8,12,2,1,0,1,0,0,2,4,2014,44594,04-Feb,8.3,7,5.4,11,16
0,1,Home Team,1,0,55,45,22,5,6,5,7,13,19,3,6,5,11,10,19,78,79,32,40,13,17,1,3,0,0,0,0,0,1,2014,0-0,1-0,5.3,6.5,6.4,12,14
0,1,Home Team,2,0,65,35,86,10,4,4,2,22,10,8,4,9,2,23,17,85,65,24,31,10,25,2,5,0,0,0,0,0,2,2014,0-0,2-0,4.1,6.9,5.5,13,12
0,1,Home Team,3,0,63,37,70,2,2,12,2,21,7,7,3,12,4,22,20,86,78,22,22,18,25,0,4,0,0,0,0,0,3,2014,2-0,3-0,5.7,8.7,4.9,16,7
0,1,Home Team,3,2,53,47,13,3,5,9,6,13,12,1,1,4,1,17,28,77,77,25,37,21,12,3,2,1,1,0,0,2,3,2014,44564,03-Feb,8.9,6.6,5.7,14,15
0,1,Home Team,1,0,42,58,-28,6,6,3,1,16,9,7,2,3,4,16,13,77,84,31,23,19,14,3,3,0,0,0,0,0,1,2014,1-0,1-0,3.2,6.3,5.7,15,15
0,1,Home Team,3,2,44,56,-21,9,4,5,2,20,8,6,2,5,5,18,12,85,84,13,23,14,15,4,3,0,0,1,1,2,3,2014,44594,03-Feb,9,6.1,5,13,5
0,1,Home Team,2,1,53,47,13,11,4,9,2,24,8,4,2,9,2,19,14,87,84,19,24,17,16,3,3,0,0,0,2,1,2,2014,0-1,02-Jan,7.3,7.2,4.4,15,13
0,1,Home Team,3,0,46,54,-15,5,8,8,4,15,14,2,2,2,5,20,27,83,80,35,12,12,17,2,3,0,0,0,0,0,3,2014,2-0,3-0,5.5,7.6,5.2,15,13
0,1,Home Team,3,0,70,30,133,5,5,8,3,14,11,1,3,6,2,12,14,91,75,18,13,12,13,1,1,0,0,0,0,0,3,2014,3-0,3-0,5.2,7.6,5.1,11,14
0,1,Home Team,1,0,58,42,38,11,3,3,1,17,6,3,2,3,1,23,20,83,73,12,29,11,18,2,3,0,0,0,0,0,1,2014,0-0,1-0,3.3,6.7,5.3,9,7
0,1,Home Team,1,0,47,53,-11,10,7,5,3,23,11,8,1,8,5,9,13,84,84,34,43,16,8,3,2,0,0,0,0,0,1,2014,0-0,1-0,4.5,6.7,6,15,22
0,1,Home Team,2,1,55,45,22,9,1,4,2,13,4,0,1,12,3,20,22,83,77,21,35,16,16,5,4,0,1,0,0,1,2,2014,1-0,02-Jan,6,7,5.4,21,14
0,1,Home Team,2,0,66,34,94,9,3,5,1,20,6,6,2,6,1,19,22,86,73,11,33,8,10,2,1,0,0,0,0,0,2,2014,1-0,2-0,4.1,7.1,5.7,15,17
0,1,Home Team,2,0,39,61,-36,9,7,4,3,15,14,2,4,5,7,21,23,72,83,36,15,16,15,2,1,0,0,0,0,0,2,2014,2-0,2-0,4.3,6.8,5.8,26,16
0,1,Home Team,6,2,69,31,123,7,1,16,6,27,8,4,1,14,3,17,9,91,76,20,49,11,7,1,1,0,0,0,0,2,6,2014,44562,06-Feb,9.8,8.8,4.1,14,14
0,1,Home Team,2,1,51,49,4,3,7,7,4,12,15,2,4,3,6,16,21,81,82,23,18,13,9,2,1,0,0,0,0,1,2,2014,1-0,02-Jan,6.2,7.3,6.1,14,12
0,1,Home Team,3,1,47,53,-11,11,9,6,6,23,16,6,1,6,3,27,16,77,80,27,34,9,12,2,3,0,0,0,0,1,3,2014,0-1,03-Jan,7.4,6.4,5.5,14,20
0,1,Home Team,3,0,60,40,50,8,3,9,1,27,5,10,1,4,2,17,19,86,75,19,25,15,14,2,3,0,0,0,0,0,3,2014,1-0,3-0,5.9,8,4.6,12,17
0,1,Home Team,2,0,73,27,170,5,3,6,1,16,4,5,0,7,3,16,20,92,68,26,15,11,13,1,0,0,0,0,0,0,2,2014,1-0,2-0,4,6.9,5.5,11,13
0,1,Home Team,1,0,50,50,0,7,8,4,2,15,10,4,0,4,7,28,25,84,79,19,18,11,17,1,3,0,0,0,1,0,1,2014,1-0,1-0,4,6.8,5.4,20,13
0,1,Home Team,1,0,53,47,13,9,7,6,3,16,15,1,5,4,3,32,23,76,68,39,23,15,17,2,1,0,0,0,0,0,1,2014,0-0,1-0,3.9,6.8,6.1,27,29
0,1,Home Team,1,0,44,56,-21,1,9,3,4,4,16,0,3,1,13,25,32,66,72,49,25,22,18,2,4,0,0,0,0,0,1,2014,0-0,1-0,4.2,6.6,6,14,28
0,1,Home Team,1,0,62,38,63,6,4,5,4,17,10,6,2,4,4,32,21,85,74,17,19,11,19,2,2,0,0,0,0,0,1,2014,0-0,1-0,4.3,6.7,5.8,16,14
0,1,Home Team,2,0,41,59,-31,6,4,6,2,15,8,3,2,6,5,17,20,79,87,16,25,13,11,2,3,0,0,0,0,0,2,2014,1-0,2-0,5.1,7.4,5.8,7,9
0,1,Home Team,2,0,31,69,-55,3,10,4,1,11,14,4,3,5,2,13,20,70,88,36,17,18,19,3,1,0,0,0,0,0,2,2014,1-0,2-0,4.1,7,5.8,8,15
0,1,Home Team,3,1,33,67,-51,5,7,6,5,12,15,1,3,3,10,17,21,73,85,43,14,17,26,3,4,0,0,0,0,1,3,2014,44563,03-Jan,6.6,6.9,5.1,17,18
0,1,Home Team,4,2,47,53,-11,2,2,5,4,11,9,4,3,4,7,17,24,75,78,19,23,24,15,2,3,0,0,0,1,2,4,2014,3-0,04-Feb,8.2,7.2,5.2,18,19
0,1,Home Team,2,1,48,52,-8,3,6,2,1,7,7,2,0,3,4,26,38,69,73,40,33,13,24,1,2,0,0,0,0,1,2,2014,0-0,02-Jan,4.4,7.5,5.2,25,18
0,1,Home Team,7,0,68,32,113,10,2,11,1,21,4,0,1,5,0,32,14,91,81,7,21,3,11,0,1,0,0,0,0,0,7,2014,3-0,7-0,6.8,10,3.4,3,4
0,1,Home Team,2,1,50,50,0,11,5,6,3,19,9,2,1,5,2,28,19,79,73,27,42,16,18,4,4,0,0,0,0,1,2,2014,0-0,02-Jan,6.1,6.1,5.3,21,23
0,1,Home Team,3,0,59,41,44,4,7,8,4,14,12,2,1,2,5,8,18,90,85,11,7,12,11,1,2,0,0,0,0,0,3,2014,2-0,3-0,5.9,7.9,5.5,5,4
0,1,Home Team,2,1,54,46,17,8,7,4,1,17,11,5,3,9,5,23,14,82,76,23,39,18,18,4,3,0,0,0,0,1,2,2014,0-1,02-Jan,5.8,6.8,5.7,20,15
0,1,Home Team,2,0,61,39,56,6,5,6,1,18,6,6,1,7,0,26,15,89,80,15,32,8,10,1,2,1,0,0,1,0,2,2014,0-0,2-0,4.9,7.3,4.9,13,11
0,1,Home Team,2,1,47,53,-11,9,6,4,5,15,14,2,3,9,2,25,12,77,78,40,24,18,17,2,2,1,1,0,0,1,2,2014,44562,02-Jan,6.7,7,4.9,19,13
0,1,Home Team,2,1,61,39,56,7,7,3,5,16,16,6,4,8,4,16,21,90,83,12,22,17,13,2,4,1,0,0,0,1,2,2014,44562,02-Jan,6.7,6.4,5.8,9,16
0,1,Home Team,4,2,52,48,8,9,4,6,4,19,10,4,2,7,4,16,16,85,82,24,15,11,14,1,4,0,0,0,0,2,4,2014,44562,04-Feb,8.3,7.4,5.6,13,12
0,1,Home Team,3,2,57,43,33,11,3,6,3,19,8,2,2,4,3,25,15,79,73,28,32,24,27,3,5,0,0,0,0,2,3,2014,44593,03-Feb,7.5,5.7,5.5,16,31
0,1,Home Team,1,0,45,55,-18,5,5,4,6,13,15,4,4,12,10,14,19,78,79,30,24,16,13,3,2,0,0,0,0,0,1,2014,1-0,1-0,3.9,6.6,6.4,9,13
0,1,Home Team,2,1,47,53,-11,6,5,4,7,13,14,3,2,4,4,11,24,77,82,31,26,17,8,1,3,0,0,0,2,1,2,2014,1-0,02-Jan,7,7.2,4.9,9,19
0,1,Home Team,3,0,54,46,17,9,3,9,1,23,6,5,2,10,3,15,27,86,74,30,32,14,13,0,2,0,0,0,0,0,3,2014,0-0,3-0,5.6,8.8,4.7,18,18
0,1,Home Team,2,0,48,52,-8,5,6,3,7,11,14,3,1,3,5,18,21,81,82,36,20,12,17,3,2,0,0,0,0,0,2,2014,1-0,2-0,4.5,6.5,6,18,9
0,1,Home Team,2,0,59,41,44,8,3,7,0,18,3,3,0,3,2,25,22,86,81,10,20,11,17,1,4,0,0,0,0,0,2,2014,2-0,2-0,4.4,8.1,4.8,7,8
0,1,Home Team,2,1,41,59,-31,4,6,4,4,10,12,2,2,3,4,18,21,67,79,21,25,24,19,1,4,0,0,0,0,1,2,2014,0-1,02-Jan,5.5,6.5,6,14,11
0,1,Home Team,3,0,58,42,38,7,1,8,1,21,2,6,0,12,1,26,24,84,77,11,30,20,9,2,2,0,0,0,0,0,3,2014,2-0,3-0,5.3,8.6,4.7,9,19
0,1,Home Team,1,0,30,70,-57,2,8,2,7,6,17,2,2,3,2,9,25,65,89,26,13,20,15,6,2,0,1,0,1,0,1,2014,1-0,1-0,4.4,5.6,5.4,7,12
0,1,Home Team,5,0,60,40,50,8,5,7,2,16,11,1,4,7,1,7,15,89,81,16,22,16,17,3,4,0,1,0,0,0,5,2014,3-0,5-0,6.8,9.2,3.6,13,8
0,1,Home Team,3,1,58,42,38,3,3,7,6,15,13,5,4,5,5,25,20,84,81,20,25,18,13,1,2,0,0,0,0,1,3,2014,2-0,03-Jan,7.4,7.3,6,9,5
0,1,Home Team,4,3,58,42,38,10,1,8,5,22,7,4,1,7,3,21,18,83,79,17,28,10,12,4,2,0,0,0,0,3,4,2014,1-0,04-Mar,9.9,6.6,5.6,18,13
0,1,Home Team,1,0,48,52,-8,6,3,6,2,17,7,5,2,8,2,22,21,80,77,26,20,19,15,1,2,0,0,0,0,0,1,2014,0-0,1-0,3.4,6.6,5.6,16,12
0,1,Home Team,2,1,39,61,-36,1,9,6,5,9,16,2,2,4,11,30,29,74,79,35,18,20,17,1,3,0,0,0,0,1,2,2014,2-0,02-Jan,6.2,5.7,5.2,9,9
0,1,Home Team,3,1,40,60,-33,2,4,6,2,11,9,3,3,2,4,12,21,85,86,42,20,13,12,1,0,0,0,0,0,1,3,2014,1-0,03-Jan,6,7.7,5.7,9,3
0,1,Home Team,4,0,62,38,63,7,4,8,1,18,5,3,0,6,0,7,14,89,84,12,29,11,9,0,2,0,0,0,0,0,4,2014,2-0,4-0,5.5,8.8,4.5,7,8
0,1,Home Team,2,1,40,60,-33,3,6,4,4,10,13,3,3,4,6,23,35,75,83,40,25,21,13,4,3,0,1,0,0,1,2,2014,1-0,02-Jan,5.9,6.9,5.9,12,13
0,1,Home Team,3,1,52,48,8,10,0,6,2,18,2,2,0,5,1,16,23,78,74,25,28,19,17,4,3,0,0,0,1,1,3,2014,0-1,03-Jan,5.9,7.1,4.8,18,15
0,1,Home Team,2,0,62,38,63,12,5,8,1,29,8,9,2,9,1,19,9,86,75,17,25,19,14,2,4,0,0,0,0,0,2,2014,0-0,2-0,5.1,7.2,5.1,6,13
0,1,Home Team,1,0,47,53,-11,10,9,6,3,17,16,1,4,0,3,13,22,85,85,30,20,10,14,2,2,0,0,0,0,0,1,2014,0-0,1-0,3.9,6.6,6,17,5
0,1,Home Team,3,1,30,70,-57,4,7,3,4,10,14,3,3,5,8,17,28,66,83,51,19,15,14,4,5,1,1,0,0,1,3,2014,2-0,03-Jan,7.1,6.7,5.2,11,15
0,1,Home Team,2,1,49,51,-4,6,5,6,6,14,13,2,2,13,4,19,23,75,75,30,38,10,13,2,2,0,0,0,0,1,2,2014,44562,02-Jan,6.5,7,6,10,12
0,1,Home Team,5,1,38,62,-39,9,8,9,1,18,12,0,3,4,7,7,18,79,87,19,23,12,20,2,2,0,0,0,0,1,5,2014,2-0,05-Jan,6.5,8.7,4.4,6,7
0,1,Home Team,2,1,66,34,94,6,4,5,4,14,10,3,2,10,4,18,15,88,75,28,29,16,12,1,2,0,0,0,0,1,2,2014,44562,02-Jan,5.8,7.5,5.5,11,10
0,1,Home Team,2,1,42,58,-28,4,3,4,6,14,10,6,1,2,5,23,32,63,75,28,33,15,14,1,3,0,0,0,0,1,2,2014,0-0,02-Jan,6.2,7,5,29,22
0,1,Home Team,3,1,52,48,8,4,6,9,5,17,13,4,2,1,6,26,20,82,78,26,11,19,23,2,3,0,0,0,0,1,3,2014,44562,03-Jan,6.7,7.3,5.1,9,10
0,1,Home Team,3,1,53,47,13,6,3,8,3,20,11,6,5,7,6,17,18,83,82,17,23,20,14,2,1,0,0,0,0,1,3,2014,44563,03-Jan,6.7,7.5,5.3,13,9
0,1,Home Team,3,2,61,39,56,4,6,8,4,18,12,6,2,7,7,17,18,84,68,29,31,11,19,1,1,0,0,0,0,2,3,2014,44562,03-Feb,8.7,7.1,5.4,12,15
0,1,Home Team,3,1,60,40,50,3,5,4,3,10,11,3,3,1,7,23,37,84,71,30,13,11,14,2,4,0,0,0,0,1,3,2014,44563,03-Jan,5.7,7.5,5.1,15,10
0,1,Home Team,2,0,58,42,38,7,8,5,2,14,11,2,1,4,3,27,19,76,66,21,30,14,22,2,4,0,0,0,0,0,2,2014,1-0,2-0,3.8,6.6,5.2,22,14
0,1,Home Team,3,0,51,49,4,7,5,5,1,17,8,5,2,8,3,27,25,79,74,16,26,19,16,2,3,0,0,0,0,0,3,2014,1-0,3-0,5.9,7.7,5.2,27,22
0,1,Home Team,3,1,37,63,-41,2,2,4,3,7,8,1,3,1,7,21,32,71,81,42,13,18,18,3,2,0,0,0,0,1,3,2014,2-0,03-Jan,5.8,7.5,5.1,20,21
0,1,Home Team,5,2,58,42,38,5,2,6,6,11,12,0,4,4,5,17,20,79,66,26,22,26,30,2,4,0,0,0,0,2,5,2014,44564,05-Feb,8,7.9,4.9,10,14
0,1,Home Team,2,1,31,69,-55,4,6,4,3,8,13,0,4,2,11,20,16,69,87,34,14,17,14,3,3,0,0,0,0,1,2,2014,2-0,02-Jan,5.9,7.2,5.6,10,8
0,1,Home Team,2,1,62,38,63,5,6,6,3,13,11,2,2,6,5,27,23,87,77,22,32,13,15,5,3,0,0,0,0,1,2,2014,44563,02-Jan,5.7,7.1,5.8,14,18
0,1,Home Team,2,1,57,43,33,8,2,8,6,16,9,0,1,6,2,26,18,82,73,29,35,19,19,3,4,0,1,0,0,1,2,2014,44562,02-Jan,6.1,6.4,5.6,14,18
0,1,Home Team,2,0,57,43,33,9,2,2,2,14,10,3,6,7,4,19,19,83,80,17,26,13,26,1,6,0,0,0,0,0,2,2014,1-0,2-0,4.3,6.5,5.2,8,13
0,1,Home Team,3,0,63,37,70,6,6,5,3,15,10,4,1,9,3,26,21,82,70,32,33,11,14,0,2,0,0,0,0,0,3,2014,1-0,3-0,4.8,7.4,5.4,7,6
0,1,Home Team,2,0,54,46,17,8,6,3,1,14,10,3,3,7,3,18,19,82,77,25,27,20,15,3,2,0,0,1,0,0,2,2014,0-0,2-0,4,6.7,5.6,15,17
0,1,Home Team,1,0,42,58,-28,5,5,7,0,17,7,5,2,2,4,10,29,77,84,35,18,9,16,2,1,0,0,0,0,0,1,2014,0-0,1-0,3.6,7.2,5.4,23,19
0,1,Home Team,1,0,56,44,27,9,7,3,3,17,10,5,0,5,7,25,23,76,65,42,39,15,16,4,3,0,0,0,0,0,1,2014,0-0,1-0,3.6,6.7,4.5,23,20
0,1,Home Team,1,0,43,57,-25,5,10,4,3,10,15,1,2,2,6,14,16,81,83,35,20,12,10,2,3,0,0,0,0,0,1,2014,0-0,1-0,3.8,6.7,5.9,15,10
0,1,Home Team,2,0,58,42,38,8,4,4,3,15,9,3,2,7,2,21,30,83,74,18,18,16,23,3,5,0,0,0,0,0,2,2014,1-0,2-0,4.5,6.9,5.6,12,16
0,1,Home Team,2,0,53,47,13,6,3,5,4,17,10,6,3,7,1,26,16,82,81,23,27,19,13,2,2,0,1,0,0,0,2,2014,1-0,2-0,4.7,6.8,6.1,8,9
0,1,Home Team,3,2,39,61,-36,7,2,3,7,12,14,2,5,3,4,14,18,79,84,30,9,14,16,3,2,0,0,0,0,2,3,2014,44563,03-Feb,8,6.4,5.7,18,18
0,1,Home Team,4,0,43,57,-25,2,4,13,1,16,6,1,2,3,5,17,16,82,85,27,18,12,10,2,3,0,0,0,0,0,4,2014,1-0,4-0,6.3,9.2,4.4,7,10
0,1,Home Team,1,0,63,37,70,9,1,4,1,16,2,3,0,13,1,34,23,82,66,22,30,21,18,2,4,0,0,0,0,0,1,2014,0-0,1-0,3.2,7.3,5.5,15,22
0,1,Home Team,4,1,57,43,33,3,2,7,3,15,8,5,3,4,3,18,20,87,79,17,12,15,32,2,4,0,0,0,1,1,4,2014,44563,04-Jan,6.1,7.8,4.4,4,8
0,1,Home Team,2,0,30,70,-57,5,4,5,7,12,16,2,5,5,6,16,18,63,83,41,30,16,10,6,5,1,0,0,0,0,2,2014,1-0,2-0,5.2,6.2,5.6,18,17
0,1,Home Team,2,1,56,44,27,10,2,5,2,19,6,4,2,8,8,25,14,86,80,23,38,11,15,3,4,0,0,0,0,1,2,2014,0-0,02-Jan,6.6,6.9,5.9,15,5
0,1,Home Team,1,0,31,69,-55,4,11,5,3,14,18,5,4,5,8,27,23,63,82,33,26,16,17,1,2,0,1,0,0,0,1,2014,1-0,1-0,4,5.8,5.4,25,21
0,1,Home Team,3,1,52,48,8,3,7,7,1,14,11,4,3,10,5,26,31,75,73,31,33,15,13,1,4,0,0,0,0,1,3,2014,1-0,03-Jan,6,7.4,5.3,9,16
0,1,Home Team,3,1,52,48,8,7,5,6,1,14,11,1,5,10,4,36,28,78,75,25,35,12,14,0,2,0,0,0,0,1,3,2014,0-0,03-Jan,6,7.4,4.8,15,13
0,1,Home Team,1,0,55,45,22,6,5,4,1,13,9,3,3,5,4,29,21,81,81,19,46,11,19,1,4,0,0,0,0,0,1,2014,1-0,1-0,3.9,6.9,6,16,10
0,1,Home Team,2,0,57,43,33,7,1,7,1,23,3,9,3,12,1,20,20,86,79,35,26,10,9,0,1,0,0,0,0,0,2,2014,2-0,2-0,5.2,8.7,5,12,11
0,1,Home Team,1,0,31,69,-55,5,9,2,2,10,12,3,1,5,7,14,28,77,88,26,11,9,17,3,6,0,0,0,0,0,1,2014,0-0,1-0,3.5,6.8,6.2,12,12
0,1,Home Team,1,0,47,53,-11,3,6,2,5,7,13,2,2,2,5,34,23,77,77,38,35,18,10,4,1,0,0,0,0,0,1,2014,1-0,1-0,3.2,6.3,6.9,11,17
0,1,Home Team,1,0,42,58,-28,5,8,2,3,7,14,0,3,4,8,33,30,66,76,57,23,17,11,4,2,1,0,0,0,0,1,2014,1-0,1-0,3.4,6,5.9,16,20
0,1,Home Team,2,0,57,43,33,5,7,7,4,16,12,4,1,5,4,22,21,90,85,16,10,11,8,2,2,0,0,0,0,0,2,2014,1-0,2-0,5.4,6.8,5.9,8,7
0,1,Home Team,1,0,33,67,-51,4,7,1,3,9,19,4,9,4,4,24,32,67,87,31,18,17,12,3,3,0,0,0,0,0,1,2014,0-0,1-0,3.3,7,6,16,16
0,1,Home Team,2,0,57,43,33,7,3,6,6,19,14,6,5,7,8,24,12,82,78,21,28,16,21,2,3,0,0,0,0,0,2,2014,0-0,2-0,6.2,7.3,6.3,7,22
0,1,Home Team,3,0,40,60,-33,4,4,6,1,11,6,1,2,4,4,26,20,72,83,22,26,22,16,3,1,0,0,0,0,0,3,2014,1-0,3-0,5.3,8.2,5.3,10,16
0,1,Home Team,4,0,48,52,-8,1,5,6,5,9,12,2,2,2,7,16,34,82,78,30,7,24,12,4,0,1,0,0,0,0,4,2014,3-0,4-0,5.5,7.7,5.1,14,8
0,1,Home Team,2,1,45,55,-18,5,2,5,2,11,7,1,3,2,1,38,19,65,74,41,34,21,17,3,2,1,1,0,0,1,2,2014,1-0,02-Jan,5.3,6.3,5.4,22,23
0,1,Home Team,2,0,41,59,-31,3,4,4,3,8,17,1,10,2,9,20,27,79,85,26,7,12,22,3,4,0,0,0,1,0,2,2014,2-0,2-0,4.9,7.2,6,14,13
0,1,Home Team,2,1,40,60,-33,6,7,7,1,14,10,1,2,6,5,16,26,70,79,31,11,21,18,4,3,0,0,0,0,1,2,2014,2-0,02-Jan,5.8,7.4,5,13,18
0,1,Home Team,2,1,39,61,-36,11,2,5,1,21,6,5,3,9,1,25,26,74,82,15,20,26,16,2,1,0,0,0,0,1,2,2014,0-0,02-Jan,5.7,7.1,5.4,12,16
0,1,Home Team,2,1,46,54,-15,5,5,3,4,11,11,3,2,3,4,20,23,78,81,23,17,17,14,6,4,0,0,0,0,1,2,2014,1-0,02-Jan,6,6.6,6.2,11,14
0,1,Home Team,2,1,45,55,-18,6,11,3,5,12,19,3,3,3,2,15,19,83,87,31,18,17,16,3,1,0,0,0,0,1,2,2014,44562,02-Jan,6.8,7,6,12,17
0,1,Home Team,3,1,53,47,13,12,5,5,4,19,13,2,4,10,7,23,31,75,70,44,35,13,18,2,3,0,0,0,1,1,3,2014,2-0,03-Jan,5.8,6.5,5.3,24,16
0,1,Home Team,3,2,33,67,-51,4,9,9,7,15,18,2,2,6,4,8,15,77,89,22,14,10,17,3,2,0,0,1,0,2,3,2014,44562,03-Feb,9.6,6,5.7,14,8
0,1,Home Team,1,0,43,57,-25,3,4,5,3,8,13,0,6,3,5,24,31,79,84,21,26,19,11,4,0,0,0,0,0,0,1,2014,1-0,1-0,3.6,6.3,5.9,9,13
0,1,Home Team,4,2,62,38,63,8,3,11,2,27,9,8,4,8,4,27,18,88,79,16,13,11,13,1,2,0,0,0,0,2,4,2014,44563,04-Feb,9.1,8.2,4.7,9,6
0,1,Home Team,3,2,51,49,4,1,7,5,2,12,13,6,4,5,9,20,17,84,84,23,23,11,16,1,3,0,0,0,0,2,3,2014,44563,03-Feb,8.1,6.7,5.8,15,11
0,1,Home Team,4,0,70,30,133,1,6,7,3,11,11,3,2,9,2,20,24,89,76,14,16,11,8,1,3,0,0,0,0,0,4,2014,3-0,4-0,5.9,8.8,4.7,12,9
0,1,Home Team,1,0,45,55,-18,5,2,3,1,10,10,2,7,3,6,13,38,69,77,33,22,23,21,2,5,0,1,0,1,0,1,2014,1-0,1-0,3.5,7.4,4.1,22,19
0,1,Home Team,4,2,49,51,-4,1,6,4,5,10,14,5,3,6,4,27,26,76,78,23,26,13,17,4,2,0,0,0,0,2,4,2014,3-0,04-Feb,8.4,7.2,4.6,11,8
0,1,Home Team,2,0,44,56,-21,6,3,6,3,15,10,3,4,7,8,16,23,81,82,34,15,19,21,4,3,0,0,0,0,0,2,2014,1-0,2-0,5.2,7,5.6,7,8
0,1,Home Team,3,1,55,45,22,8,8,12,1,24,13,4,4,9,5,20,23,87,81,18,16,11,17,1,1,0,0,0,0,1,3,2014,2-0,03-Jan,6.4,7.5,4.7,7,9
0,1,Home Team,3,0,76,24,217,12,1,7,1,27,2,8,0,15,1,19,17,90,71,8,41,13,9,2,0,0,0,0,1,0,3,2014,0-0,3-0,6.3,8.6,4.9,12,10
0,1,Home Team,4,0,53,47,13,2,12,7,3,11,21,2,6,4,4,21,23,82,85,29,16,10,12,3,1,0,0,0,0,0,4,2014,3-0,4-0,5.7,8.1,5.2,18,12
0,1,Home Team,2,1,42,58,-28,6,6,4,3,11,15,1,6,6,5,16,23,79,84,25,23,15,16,4,4,0,0,0,0,1,2,2014,1-0,02-Jan,5.9,6.5,5.5,8,7
0,1,Home Team,5,1,54,46,17,3,4,8,4,13,9,2,1,5,2,10,18,82,78,13,16,13,15,2,4,0,0,0,0,1,5,2014,1-0,05-Jan,7.1,8.3,4.9,12,17
0,1,Home Team,3,2,45,55,-18,1,5,5,3,6,11,1,3,3,4,11,17,84,87,15,10,14,20,2,5,0,1,0,1,2,3,2014,44563,03-Feb,7.9,6.9,4.9,6,8
0,1,Home Team,2,0,55,45,22,8,5,9,1,25,7,8,1,6,1,22,15,85,81,17,27,8,9,3,0,0,0,0,0,0,2,2014,0-0,2-0,4.5,7.6,5,8,12
0,1,Home Team,2,1,47,53,-11,8,7,4,6,14,16,2,3,5,3,17,12,81,85,13,24,12,14,1,2,0,0,0,0,1,2,2014,44562,02-Jan,5.9,6.8,6.2,10,8
0,1,Home Team,2,1,67,33,103,7,5,6,3,19,8,6,0,10,5,19,14,86,71,28,40,13,12,3,2,0,0,0,0,1,2,2014,44562,02-Jan,6.5,6.7,5.5,17,15
0,1,Home Team,3,0,66,34,94,8,8,10,4,22,16,4,4,12,4,17,19,89,77,22,27,9,10,1,1,0,0,0,0,0,3,2014,2-0,3-0,6.4,8.4,4.7,16,9
0,1,Home Team,3,2,62,38,63,4,3,4,4,15,7,7,0,6,1,37,25,84,78,10,37,9,17,2,2,0,0,0,0,2,3,2014,44594,03-Feb,6.8,6.1,6.3,11,11
0,1,Home Team,3,1,56,44,27,5,6,5,8,13,20,3,6,3,8,13,10,85,83,18,21,15,12,1,1,0,0,0,1,1,3,2014,1-0,03-Jan,7.6,6.3,5.6,6,7
0,1,Home Team,3,2,48,52,-8,6,5,7,5,17,16,4,6,13,5,24,24,73,77,12,45,14,10,3,4,0,0,0,0,2,3,2014,44594,03-Feb,9.4,7,5.7,14,12
0,1,Home Team,3,0,54,46,17,5,5,5,3,15,14,5,6,5,5,13,11,89,87,19,21,9,18,4,2,0,0,1,1,0,3,2014,1-0,3-0,6,7,5,8,12
0,1,Home Team,4,3,53,47,13,6,4,5,6,14,11,3,1,3,5,20,17,82,80,15,14,11,13,1,4,0,0,0,0,3,4,2014,44563,04-Mar,10,6.9,6,9,13
0,1,Home Team,5,0,49,51,-4,9,5,9,1,18,7,0,1,5,1,13,15,88,87,6,11,7,10,0,2,0,0,0,0,0,5,2014,3-0,5-0,5.6,8.3,4.3,4,10
0,1,Home Team,3,1,38,62,-39,5,8,6,7,16,17,5,2,5,7,16,26,72,84,28,19,12,22,4,4,0,0,0,1,1,3,2014,44564,03-Jan,7.4,6.5,5,3,6
0,1,Home Team,4,3,60,40,50,19,2,9,5,32,11,4,4,6,0,13,17,88,78,12,17,13,13,1,2,0,0,0,0,3,4,2014,0-0,04-Mar,10,7.3,5.2,9,17
0,1,Home Team,3,0,58,42,38,6,8,13,2,26,13,7,3,3,3,10,15,87,80,31,13,11,9,2,2,0,1,0,0,0,3,2014,1-0,3-0,7,8.4,4.7,17,10
0,1,Home Team,2,1,50,50,0,5,3,5,5,16,12,6,4,6,7,20,19,80,84,19,23,14,17,3,4,0,0,0,0,1,2,2014,1-0,02-Jan,6.3,6.5,5.9,16,14
0,1,Home Team,2,0,62,38,63,6,4,5,1,20,9,9,5,6,3,31,24,86,73,18,39,7,12,2,1,0,0,0,0,0,2,2014,0-0,2-0,4.4,7.8,5.8,8,4
0,1,Home Team,2,1,57,43,33,7,3,9,4,21,9,5,2,10,3,19,18,87,75,15,15,18,8,2,1,0,0,0,0,1,2,2015,44563,02-Jan,6.4,7.2,5.6,18,12
0,1,Home Team,2,1,42,58,-28,3,7,6,3,17,14,8,4,5,1,28,25,72,78,17,16,13,21,4,2,0,0,0,0,1,2,2015,44562,02-Jan,5.9,6.6,5.7,12,15
0,1,Home Team,1,0,68,32,113,10,3,7,0,21,5,4,2,9,1,21,17,89,67,10,17,14,12,2,3,0,1,0,0,0,1,2015,0-0,1-0,4.4,7.6,5,20,19
0,1,Home Team,2,0,59,41,44,3,6,7,1,13,9,3,3,4,5,12,27,85,79,17,17,18,16,4,3,0,1,0,0,0,2,2015,1-0,2-0,4.5,7.7,4.8,8,13
0,1,Home Team,5,2,59,41,44,1,12,7,8,10,25,2,5,4,7,8,21,87,81,21,16,15,16,2,3,1,0,0,0,2,5,2015,44566,05-Feb,9.1,6.8,4.7,6,9
0,1,Home Team,1,0,44,56,-21,5,6,6,3,19,11,8,2,5,6,19,16,80,82,25,14,10,13,1,1,0,0,0,0,0,1,2015,0-0,1-0,4.9,7.3,5.8,11,13
0,1,Home Team,2,1,50,50,0,2,11,4,3,6,18,0,4,6,5,28,21,78,83,24,32,20,16,0,2,0,0,0,0,1,2,2015,44562,02-Jan,5.3,6.4,6,14,10
0,1,Home Team,2,1,63,37,70,8,7,7,2,18,10,3,1,6,6,16,18,87,80,11,28,15,16,3,3,0,1,0,1,1,2,2015,0-0,02-Jan,7.4,7.1,4.6,16,14
0,1,Home Team,2,0,61,39,56,8,7,11,4,25,14,6,3,9,2,17,17,80,74,10,36,9,13,1,4,0,0,0,0,0,2,2015,1-0,2-0,5.9,7.3,5,17,13
0,1,Home Team,3,1,31,69,-55,1,3,6,5,10,8,3,0,4,2,15,18,79,91,16,12,15,10,2,3,0,0,0,0,1,3,2015,0-1,03-Jan,6,6.9,5.6,11,8
0,1,Home Team,4,0,42,58,-28,3,6,5,2,9,13,1,5,2,8,18,30,75,83,27,21,11,14,0,1,0,0,0,0,0,4,2015,3-0,4-0,5.4,8.8,4.3,15,16
0,1,Home Team,2,0,63,37,70,9,8,6,2,20,12,5,2,4,4,16,21,83,67,28,21,19,13,2,2,0,0,0,0,0,2,2015,0-0,2-0,4.5,7.1,5.4,15,12
0,1,Home Team,1,0,47,53,-11,6,5,3,1,11,12,2,6,4,2,23,21,81,80,23,13,19,21,3,4,1,0,0,0,0,1,2015,0-0,1-0,3.3,6.5,5.4,15,9
0,1,Home Team,2,0,59,41,44,4,3,8,5,14,11,2,3,6,4,23,22,81,71,19,24,17,13,0,1,0,0,0,0,0,2,2015,0-0,2-0,4.8,7,5.6,17,19
0,1,Home Team,1,0,51,49,4,6,10,4,3,16,19,6,6,6,7,16,20,79,80,29,26,19,16,2,3,0,0,0,0,0,1,2015,0-0,1-0,4.2,6.8,5.8,15,14
0,1,Home Team,2,0,55,45,22,5,4,4,2,12,9,3,3,2,5,23,13,85,85,20,21,11,16,1,4,0,1,0,0,0,2,2015,0-0,2-0,4.4,7.5,5.7,7,14
0,1,Home Team,3,2,55,45,22,8,7,8,3,18,13,2,3,7,3,22,25,83,76,28,16,8,8,1,2,0,0,0,0,2,3,2015,44563,03-Feb,7.9,7.3,5.7,17,15
0,1,Home Team,2,0,50,50,0,7,3,8,5,19,13,4,5,7,7,9,15,86,84,13,20,9,10,2,3,0,0,0,0,0,2,2015,2-0,2-0,5.4,7.6,5.5,7,5
0,1,Home Team,1,0,43,57,-25,5,12,2,6,12,20,5,2,6,5,17,25,72,75,28,7,19,17,4,5,0,0,0,0,0,1,2015,1-0,1-0,4.1,6,6.2,12,22
0,1,Home Team,5,0,64,36,78,6,6,10,1,19,9,3,2,7,1,28,21,87,76,10,15,12,12,1,2,0,0,0,0,0,5,2015,2-0,5-0,6.1,9.2,4.3,15,10
0,1,Home Team,2,1,33,67,-51,2,6,3,8,6,24,1,10,4,18,16,21,70,89,42,12,14,15,6,3,0,0,0,0,1,2,2015,0-0,02-Jan,6.4,6,6.5,7,9
0,1,Home Team,1,0,43,57,-25,5,2,5,1,10,4,0,1,4,4,16,16,81,86,18,14,12,13,3,3,0,0,0,0,0,1,2015,0-0,1-0,3.2,7.4,5,14,9
0,1,Home Team,1,0,63,37,70,3,5,4,1,17,7,10,1,11,2,21,20,87,78,18,29,12,8,4,4,0,0,0,0,0,1,2015,0-0,1-0,3.7,6.9,5.8,11,13
0,1,Home Team,2,0,72,28,157,5,2,4,1,18,3,9,0,6,0,31,28,88,73,14,34,15,12,1,2,0,0,0,0,0,2,2015,0-0,2-0,4,7.7,5.9,7,8
0,1,Home Team,5,1,68,32,113,6,3,10,6,17,13,1,4,6,6,24,12,88,74,14,16,13,14,1,1,0,0,0,0,1,5,2015,44564,05-Jan,7,8,4.8,7,7
0,1,Home Team,2,1,54,46,17,6,5,5,3,13,12,2,4,4,4,24,28,82,85,16,21,18,16,2,4,0,0,0,0,1,2,2015,1-0,02-Jan,5.8,7.4,5.7,12,14
0,1,Home Team,1,0,53,47,13,7,5,2,3,11,12,2,4,7,4,13,29,80,73,15,11,24,29,4,5,0,1,0,0,0,1,2015,1-0,1-0,3.5,6.6,5.6,15,13
0,1,Home Team,2,1,50,50,0,4,8,3,3,10,11,3,0,5,1,7,21,86,87,26,19,15,20,3,5,1,0,1,0,1,2,2015,1-0,02-Jan,6.3,6.1,5.5,8,11
0,1,Home Team,2,0,40,60,-33,5,6,4,5,10,13,1,2,4,5,23,31,62,78,14,30,28,18,3,4,0,0,0,1,0,2,2015,0-0,2-0,4.2,6.9,5.7,19,12
0,1,Home Team,2,1,49,51,-4,10,3,5,4,18,8,3,1,5,4,28,19,75,77,14,22,22,15,3,3,0,0,0,0,1,2,2015,1-0,02-Jan,6.6,6.9,5.6,11,11
0,1,Home Team,1,0,54,46,17,8,3,4,1,18,7,6,3,5,2,21,22,82,75,22,23,21,25,3,3,1,0,0,0,0,1,2015,0-0,1-0,3.9,7.3,4.9,8,17
0,1,Home Team,3,1,66,34,94,8,1,8,1,19,2,3,0,4,2,19,19,89,77,14,12,8,9,1,5,0,0,0,0,1,3,2015,44562,03-Jan,5.8,7.6,5.2,13,6
0,1,Home Team,2,0,66,34,94,9,2,11,6,29,12,9,4,9,6,21,25,81,63,16,30,15,14,3,1,0,0,0,0,0,2,2015,0-0,2-0,6.3,7.4,5.6,12,15
0,1,Home Team,3,0,66,34,94,16,2,9,1,29,5,4,2,8,4,19,12,91,75,14,11,12,15,0,2,0,0,0,1,0,3,2015,2-0,3-0,6.6,8.4,4.1,17,7
0,1,Home Team,3,1,57,43,33,2,4,5,6,9,13,2,3,6,4,25,23,84,80,16,18,17,9,1,1,0,0,0,0,1,3,2015,0-0,03-Jan,5.9,6.6,6.2,4,8
0,1,Home Team,2,1,47,53,-11,4,3,6,3,13,10,3,4,4,5,32,19,79,81,15,17,11,18,3,4,0,0,0,0,1,2,2015,0-0,02-Jan,5.7,6.9,6.1,10,8
0,1,Home Team,3,0,59,41,44,5,5,7,5,15,13,3,3,8,7,18,31,85,74,11,21,16,13,1,3,0,0,0,0,0,3,2015,2-0,3-0,5.5,7.5,5.3,17,16
0,1,Home Team,3,2,45,55,-18,3,7,6,3,12,21,3,11,7,7,20,24,75,79,39,19,14,17,3,2,1,0,0,0,2,3,2015,44563,03-Feb,8.4,6.3,5.7,26,27
0,1,Home Team,2,1,42,58,-28,6,7,4,3,16,12,6,2,3,9,18,26,74,77,35,10,7,21,1,4,0,1,0,0,1,2,2015,1-0,02-Jan,6.3,7,5.7,17,9
0,1,Home Team,2,0,38,62,-39,9,11,4,2,14,19,1,6,8,12,19,21,73,83,28,30,11,16,2,4,0,0,0,0,0,2,2015,0-0,2-0,4.7,7.5,5,13,21
0,1,Home Team,2,0,48,52,-8,9,6,5,3,15,14,1,5,3,8,29,31,73,76,26,12,11,25,3,3,0,0,0,0,0,2,2015,1-0,2-0,4.6,7.4,5,18,13
0,1,Home Team,4,1,45,55,-18,2,6,6,1,10,11,2,4,2,8,10,20,85,87,27,15,18,11,2,2,0,0,0,0,1,4,2015,3-0,04-Jan,5.7,7.8,4.9,5,13
0,1,Home Team,2,0,70,30,133,7,5,10,2,19,5,2,0,4,3,22,24,91,77,10,18,9,16,2,3,0,1,0,0,0,2,2015,1-0,2-0,5.4,7.5,4.8,9,6
0,1,Home Team,2,1,54,46,17,12,1,3,2,21,4,6,1,7,2,33,25,82,73,23,25,21,13,1,3,0,0,0,1,1,2,2015,1-0,02-Jan,5.9,6.9,5.9,25,13
0,1,Home Team,1,0,52,48,8,8,6,7,2,19,12,4,4,6,3,16,19,77,75,17,29,13,23,3,2,0,0,0,0,0,1,2015,1-0,1-0,3.8,6.3,5.4,23,18
0,1,Home Team,3,0,56,44,27,6,5,3,3,10,8,1,0,0,7,24,17,81,82,18,10,13,23,2,3,0,0,0,0,0,3,2015,1-0,3-0,5,7.5,5.4,16,11
0,1,Home Team,2,0,66,34,94,9,5,8,1,23,8,6,3,7,2,25,18,89,77,20,20,9,4,0,0,0,0,0,0,0,2,2015,1-0,2-0,5.5,7.9,5.4,16,11
1,0,Away Team,0,1,27,73,170,4,12,2,3,7,21,1,6,4,11,20,30,66,85,15,22,13,14,2,1,0,0,0,0,1,0,2014,0-1,0-1,4.1,5.8,6.9,7,10
1,0,Away Team,1,2,46,54,17,5,8,5,5,11,15,1,2,7,5,24,22,78,82,25,28,10,10,3,1,0,0,0,0,2,1,2014,44562,01-Feb,6.2,5.8,7,16,7
1,0,Away Team,0,1,43,57,33,7,2,4,3,16,8,5,3,8,0,22,30,79,83,28,23,6,11,0,1,0,0,0,0,1,0,2014,0-1,0-1,3.8,6.3,6.5,18,11
1,0,Away Team,0,1,71,29,-59,14,4,9,1,33,7,10,2,15,2,22,8,86,62,11,34,14,12,2,2,0,0,0,0,1,0,2014,0-0,0-1,4.9,6,6.3,12,9
1,0,Away Team,1,2,66,34,-48,7,2,9,3,19,7,3,2,7,7,31,25,85,66,14,34,14,21,4,4,0,0,0,0,2,1,2014,0-1,01-Feb,6.7,6.1,5.7,13,15
1,0,Away Team,4,5,50,50,0,2,3,3,8,11,12,6,1,5,4,21,13,82,84,8,22,24,12,4,2,1,1,0,0,5,4,2014,44621,04-May,10,4.2,7.7,3,8
1,0,Away Team,0,1,41,59,44,4,6,3,4,10,14,3,4,3,4,14,24,79,85,20,23,9,18,2,3,0,0,0,0,1,0,2014,0-0,0-1,3.7,6.2,6.7,9,14
1,0,Away Team,2,3,43,57,33,3,4,4,4,10,12,3,4,4,5,27,28,75,81,25,12,17,21,1,4,0,0,0,0,3,2,2014,1-0,02-Mar,7.4,6,6.4,6,11
1,0,Away Team,0,1,44,56,27,13,5,6,6,24,16,5,5,4,7,28,21,81,84,22,26,10,22,1,4,0,0,0,0,1,0,2014,0-0,0-1,5,5.8,6.6,12,9
1,0,Away Team,0,1,48,52,8,12,6,4,2,22,11,6,3,11,1,21,13,83,82,14,37,15,8,3,2,0,0,0,0,1,0,2014,0-0,0-1,4.3,5.4,6.6,13,12
1,0,Away Team,1,2,36,64,78,1,3,4,4,6,12,1,5,6,9,17,23,74,87,18,11,15,12,3,3,0,0,0,0,2,1,2014,0-1,01-Feb,5.9,5.8,7.3,9,5
1,0,Away Team,1,2,54,46,-15,3,5,5,4,11,12,3,3,3,6,18,21,81,80,18,33,14,11,2,2,0,0,0,0,2,1,2014,44593,01-Feb,5.9,6.2,6.9,13,13
1,0,Away Team,0,1,70,30,-57,13,2,4,3,22,7,5,2,7,3,41,32,84,55,16,58,18,12,3,1,0,0,0,0,1,0,2014,0-1,0-1,3.4,5.9,6.3,28,16
1,0,Away Team,0,3,44,56,27,6,6,1,7,10,16,3,3,2,3,23,19,78,81,19,21,17,15,2,3,0,0,0,0,3,0,2014,0-1,0-3,5.5,4.7,7.9,13,16
1,0,Away Team,0,1,50,50,0,5,5,1,3,11,10,5,2,6,6,23,22,79,80,31,40,19,12,4,2,0,0,0,0,1,0,2014,0-1,0-1,3.2,5.7,7.6,20,12
1,0,Away Team,1,4,46,54,17,4,6,5,7,15,16,6,3,9,3,30,17,80,83,17,37,22,8,2,3,1,0,0,0,4,1,2014,44652,01-Apr,7,4.5,7.8,10,15
1,0,Away Team,0,1,50,50,0,2,5,3,1,7,9,2,3,3,5,19,27,73,72,23,23,22,23,3,4,0,0,0,0,1,0,2014,0-0,0-1,2.8,5.9,6.6,11,14
1,0,Away Team,0,4,50,50,0,6,1,4,10,17,15,7,4,4,1,20,22,78,78,28,36,12,16,2,4,0,0,0,0,4,0,2014,0-1,0-4,6.4,5,8.5,21,13
1,0,Away Team,1,2,54,46,-15,7,7,2,5,12,14,3,2,6,3,22,15,76,76,21,33,26,12,2,3,0,1,0,0,2,1,2014,0-0,01-Feb,6.1,5.6,6.6,5,8
1,0,Away Team,0,2,58,42,-28,9,2,2,5,15,10,4,3,6,4,24,23,83,75,28,35,11,24,2,5,0,0,0,0,2,0,2014,0-1,0-2,5,5.4,6.9,14,8
1,0,Away Team,1,3,52,48,-8,9,5,7,5,21,12,5,2,8,5,21,11,82,81,19,35,10,15,3,1,1,0,0,0,3,1,2014,0-2,01-Mar,7.5,5.4,7.3,13,12
1,0,Away Team,0,4,55,45,-18,2,4,5,6,9,15,2,5,6,6,29,13,84,80,15,27,10,23,2,2,0,0,0,0,4,0,2014,0-4,0-4,5.5,4.8,7.8,7,7
1,0,Away Team,1,3,52,48,-8,4,4,4,3,11,8,3,1,7,2,38,26,73,75,40,55,19,16,4,2,0,0,0,0,3,1,2014,0-2,01-Mar,5.7,5.5,7.3,14,18
1,0,Away Team,1,2,37,63,70,6,2,5,4,14,14,3,8,4,7,31,16,71,81,22,41,23,22,3,3,1,0,0,0,2,1,2014,1-0,01-Feb,6,5.7,6.3,16,19
1,0,Away Team,0,1,32,68,113,6,8,2,6,8,18,0,4,2,3,32,14,67,87,15,28,20,15,5,1,0,0,1,0,1,0,2014,0-1,0-1,3.4,4.8,6.7,21,31
1,0,Away Team,0,2,43,57,33,4,7,4,7,12,18,4,4,6,6,31,26,77,83,17,22,15,16,2,1,0,0,1,0,2,0,2014,0-0,0-2,5.1,5.3,6.9,11,13
1,0,Away Team,2,4,52,48,-8,11,6,2,6,15,13,2,1,7,5,21,20,77,79,16,44,10,14,2,3,0,0,0,0,4,2,2014,44594,02-Apr,7.9,5.1,7.6,22,15
1,0,Away Team,0,2,62,38,-39,9,3,3,7,14,13,2,3,4,4,21,31,87,73,13,31,10,15,3,3,0,0,0,0,2,0,2014,0-2,0-2,4.6,4.9,7.9,12,7
1,0,Away Team,0,1,59,41,-31,7,9,2,5,14,19,5,5,7,5,35,25,82,77,23,44,9,13,3,3,0,0,0,0,1,0,2014,0-0,0-1,4.2,5.5,7.1,13,18
1,0,Away Team,1,2,45,55,22,6,2,1,2,9,6,2,2,3,3,30,22,71,79,12,32,27,16,3,5,0,0,1,0,2,1,2014,44593,01-Feb,4.9,5.5,6.9,17,21
1,0,Away Team,0,3,44,56,27,5,3,4,4,14,10,5,3,6,4,23,15,83,85,20,27,23,13,2,3,0,1,0,0,3,0,2014,0-1,0-3,5.6,5.5,7.5,9,11
1,0,Away Team,0,1,52,48,-8,3,6,5,6,12,14,4,2,6,4,23,23,83,83,17,19,16,13,2,3,0,0,0,0,1,0,2014,0-0,0-1,4.8,6,6.8,12,5
1,0,Away Team,0,2,50,50,0,6,1,2,5,11,6,3,0,6,10,20,18,78,78,22,38,19,17,4,1,0,0,0,0,2,0,2014,0-1,0-2,4.7,4.5,7.9,9,17
1,0,Away Team,1,2,37,63,70,5,5,3,6,10,14,2,3,6,10,24,20,72,82,31,19,17,18,3,4,0,0,0,0,2,1,2014,44562,01-Feb,6.5,5.4,6.6,10,13
1,0,Away Team,0,3,45,55,22,5,6,3,5,11,15,3,4,4,10,29,21,74,81,33,39,14,18,3,2,0,0,0,0,3,0,2014,0-3,0-3,5.7,5,6.5,14,11
1,0,Away Team,0,4,52,48,-8,3,7,5,7,14,17,6,3,6,6,18,17,86,83,16,18,17,22,2,2,0,0,0,0,4,0,2014,0-1,0-4,6.5,5,8.4,8,4
1,0,Away Team,1,2,46,54,17,4,4,1,5,8,15,3,6,1,3,23,17,69,78,31,37,16,26,4,4,0,0,0,0,2,1,2014,44562,01-Feb,5.4,5.5,7,10,17
1,0,Away Team,1,2,65,35,-46,6,9,2,6,15,16,7,1,9,4,25,18,83,63,22,57,11,8,2,1,0,0,0,0,2,1,2014,1-0,01-Feb,5.9,5.8,6.9,29,19
1,0,Away Team,0,2,56,44,-21,5,5,1,5,10,10,4,0,6,3,34,28,79,75,28,26,20,26,6,3,0,0,0,0,2,0,2014,0-2,0-2,4,4.5,7.9,21,13
1,0,Away Team,1,3,41,59,44,5,4,6,7,15,13,4,2,10,4,14,13,77,86,21,31,16,17,2,3,0,0,1,0,3,1,2014,44562,01-Mar,7,5,7.2,16,4
1,0,Away Team,1,2,59,41,-31,4,3,6,4,13,9,3,2,1,6,14,22,82,75,22,40,13,10,2,5,0,0,0,0,2,1,2014,44562,01-Feb,5.6,6.2,6.6,15,20
1,0,Away Team,0,1,34,66,94,4,9,1,6,7,19,2,4,5,6,19,30,71,86,22,18,7,14,2,3,0,0,1,0,1,0,2014,0-1,0-1,4,5.2,7.1,14,13
1,0,Away Team,1,4,34,66,94,4,5,0,6,5,15,1,4,3,5,18,24,73,86,29,21,17,13,3,1,1,0,0,0,4,1,2014,0-1,01-Apr,5.4,4.5,7.4,19,20
1,0,Away Team,0,2,32,68,113,2,5,3,8,9,18,4,5,7,12,15,28,63,81,23,30,15,23,4,1,0,0,1,0,2,0,2014,0-1,0-2,4.9,4.7,7.4,10,14
1,0,Away Team,1,3,37,63,70,6,4,2,7,16,13,8,2,8,6,27,17,82,88,23,27,16,7,4,0,0,0,0,0,3,1,2014,0-2,01-Mar,6.3,5.1,8,4,16
1,0,Away Team,0,1,54,46,-15,6,5,1,4,11,10,4,1,6,4,34,18,73,71,32,27,15,16,3,2,0,0,0,0,1,0,2014,0-0,0-1,3.3,4.7,7.8,18,12
1,0,Away Team,1,2,63,37,-41,5,3,4,2,12,8,3,3,9,1,27,21,79,67,17,54,19,17,3,3,0,0,0,0,2,1,2014,44562,01-Feb,5,6.1,6.6,19,15
1,0,Away Team,1,4,40,60,50,4,5,3,5,10,16,3,6,2,6,22,16,75,83,24,20,7,14,2,2,0,0,0,0,4,1,2014,0-2,01-Apr,5.2,5.2,7.1,16,9
1,0,Away Team,1,3,48,52,8,4,1,2,5,10,8,4,2,9,2,33,16,82,81,11,27,14,12,4,2,0,0,0,0,3,1,2014,0-1,01-Mar,6,5.4,7.1,15,17
1,0,Away Team,0,1,66,34,-48,12,1,3,5,21,9,6,3,5,2,28,15,83,72,10,53,10,15,3,3,0,0,0,0,1,0,2014,0-1,0-1,3.8,5.8,6.8,20,12
1,0,Away Team,2,3,53,47,-11,7,1,4,4,13,8,2,3,1,1,21,16,78,72,25,39,22,17,5,5,0,0,0,0,3,2,2014,44593,02-Mar,7.1,5.9,5.7,20,15
1,0,Away Team,0,1,69,31,-55,6,6,4,5,15,15,5,4,11,4,24,9,85,73,6,46,10,17,2,5,0,0,0,0,1,0,2014,0-1,0-1,4.2,5.8,6.6,12,15
1,0,Away Team,0,2,46,54,17,5,6,1,5,8,14,2,3,3,2,35,9,78,81,8,19,15,12,2,1,0,0,0,0,2,0,2014,0-0,0-2,4.3,5,7.4,5,13
1,0,Away Team,1,2,40,60,50,5,9,7,6,17,21,5,6,4,10,23,18,70,86,29,36,17,13,2,1,0,0,0,0,2,1,2014,0-1,01-Feb,6.8,5.6,6.8,13,16
1,0,Away Team,0,1,69,31,-55,8,5,2,2,14,9,4,2,8,5,21,17,91,71,17,30,16,18,2,2,0,0,0,0,1,0,2014,0-0,0-1,3.7,6.2,6.8,19,18
1,0,Away Team,1,2,50,50,0,7,3,2,5,18,10,9,2,5,3,28,18,74,69,34,46,26,19,4,4,0,0,0,0,2,1,2014,0-1,01-Feb,6.3,4.7,7.8,23,26
1,0,Away Team,1,2,67,33,-51,7,6,4,3,17,10,6,1,6,4,24,25,83,58,30,37,14,17,2,3,0,1,0,0,2,1,2014,1-0,01-Feb,5.4,5.9,5.8,16,20
1,0,Away Team,1,2,47,53,13,12,4,3,4,16,12,1,4,2,6,18,21,77,80,16,41,12,14,1,0,0,0,0,0,2,1,2014,44562,01-Feb,5.4,5.9,6.6,16,18
1,0,Away Team,1,3,59,41,-31,6,7,5,5,17,13,6,1,8,4,18,5,88,78,13,29,15,16,1,3,0,0,0,0,3,1,2014,0-1,01-Mar,6.7,5.2,7.6,17,12
1,0,Away Team,1,2,44,56,27,8,4,6,6,17,11,3,1,5,6,24,21,77,82,22,36,10,13,2,3,0,0,0,0,2,1,2014,0-1,01-Feb,6.6,5.6,7.2,10,15
1,0,Away Team,0,1,50,50,0,3,3,2,5,7,9,2,1,4,1,33,28,72,73,14,30,27,12,4,5,0,0,1,0,1,0,2014,0-1,0-1,3.8,5.5,6.8,25,22
1,0,Away Team,0,1,48,52,8,5,8,2,3,10,14,3,3,3,5,27,18,71,73,25,22,29,21,4,3,1,0,0,0,1,0,2014,0-0,0-1,3.6,5.1,7.5,20,27
1,0,Away Team,1,3,47,53,13,2,4,6,10,15,15,7,1,8,5,22,19,72,80,17,37,17,21,3,2,0,0,0,0,3,1,2014,0-2,01-Mar,7,5.1,7.9,15,17
1,0,Away Team,0,1,42,58,38,4,5,6,2,12,12,2,5,3,2,33,22,66,75,36,34,15,20,2,5,0,0,0,0,1,0,2014,0-1,0-1,3.3,6.2,6.5,31,27
1,0,Away Team,1,4,29,71,145,4,4,2,7,9,18,3,7,6,8,19,18,72,88,26,18,9,13,4,2,1,0,0,0,4,1,2014,44593,01-Apr,6.1,4.3,8.6,16,11
1,0,Away Team,1,2,38,62,63,6,5,5,9,13,19,2,5,8,7,17,22,73,84,20,35,18,21,2,2,0,0,0,0,2,1,2014,0-0,01-Feb,7,5.6,7.4,14,24
1,0,Away Team,1,2,70,30,-57,11,2,5,3,22,5,6,0,10,1,28,14,84,61,5,56,15,21,3,3,0,0,0,0,2,1,2014,0-1,01-Feb,5.8,5.7,6.3,21,19
1,0,Away Team,1,2,46,54,17,6,9,3,7,14,22,5,6,5,8,25,18,70,80,19,29,18,19,2,4,0,0,0,0,2,1,2014,1-0,01-Feb,6.3,5.3,7,7,24
1,0,Away Team,0,3,38,62,63,5,10,4,6,10,18,1,2,0,3,24,21,70,87,30,25,16,17,4,2,0,0,0,0,3,0,2014,0-1,0-3,5.2,4.7,7.7,15,14
1,0,Away Team,0,1,60,40,-33,4,2,5,4,12,8,3,2,5,1,20,24,85,80,12,28,15,12,3,2,0,0,0,0,1,0,2014,0-0,0-1,3.8,6,6.9,11,10
1,0,Away Team,0,1,53,47,-11,2,7,0,3,7,12,5,2,5,4,24,20,77,81,18,38,10,19,3,4,0,0,0,0,1,0,2014,0-0,0-1,2.9,5.4,7.3,16,15
1,0,Away Team,0,2,62,38,-39,12,7,3,6,19,15,4,2,3,5,20,23,79,64,31,31,17,18,4,3,0,0,0,0,2,0,2014,0-0,0-2,4.7,4.4,7.6,12,23
1,0,Away Team,0,2,47,53,13,4,6,2,5,9,16,3,5,5,6,28,18,78,86,12,27,7,15,3,2,0,0,0,0,2,0,2014,0-0,0-2,4.4,5.3,7.4,10,16
1,0,Away Team,0,2,61,39,-36,5,3,9,2,17,8,3,3,12,3,35,20,87,77,5,29,11,17,3,3,1,0,0,0,2,0,2014,0-0,0-2,5.4,6.3,6.4,5,12
1,0,Away Team,0,2,41,59,44,9,6,1,5,16,15,6,4,8,5,15,12,86,91,12,20,16,11,4,2,0,0,1,0,2,0,2014,0-1,0-2,5.2,5.1,7.3,9,11
1,0,Away Team,0,1,49,51,4,4,6,1,4,7,15,2,5,7,3,34,23,70,74,20,48,17,14,3,2,0,0,0,0,1,0,2014,0-1,0-1,2.9,5.4,6.3,24,19
1,0,Away Team,1,2,54,46,-15,6,4,4,7,12,11,2,0,6,6,18,10,83,80,16,39,17,29,3,5,0,0,1,1,2,1,2014,0-2,01-Feb,6.4,5.4,7,20,16
1,0,Away Team,1,3,39,61,56,2,3,3,10,10,14,5,1,3,1,24,22,68,77,11,12,20,19,4,4,0,0,1,0,3,1,2014,0-1,01-Mar,6.7,4.3,7.7,8,14
1,0,Away Team,1,2,53,47,-11,10,5,3,5,16,13,3,3,5,6,35,18,83,82,11,23,14,12,2,3,0,0,0,0,2,1,2014,0-1,01-Feb,5.8,5.7,6.5,3,10
1,0,Away Team,0,3,37,63,70,10,7,5,2,18,12,3,3,4,5,16,17,76,86,28,40,6,13,2,4,0,0,0,0,3,0,2014,0-1,0-3,6.2,5.1,7.6,16,10
1,0,Away Team,0,1,50,50,0,11,10,1,5,16,16,4,1,3,5,20,32,70,71,39,22,19,16,2,1,0,0,0,0,1,0,2014,0-0,0-1,3.3,5.5,6.4,20,29
1,0,Away Team,1,3,54,46,-15,5,3,1,5,11,11,5,3,7,3,24,25,75,72,13,28,16,15,3,0,0,0,0,0,3,1,2014,0-2,01-Mar,6.1,4.6,8.4,23,18
1,0,Away Team,0,3,44,56,27,2,7,3,4,7,14,2,3,6,5,23,19,82,86,20,24,13,15,4,2,0,1,0,0,3,0,2014,0-2,0-3,5.3,5.1,7.7,10,6
1,0,Away Team,0,1,63,37,-41,9,2,3,4,21,12,9,6,11,7,25,11,86,75,31,43,16,21,2,5,0,0,0,0,1,0,2014,0-0,0-1,4.7,6.1,6.6,17,12
1,0,Away Team,1,3,67,33,-51,11,5,2,7,19,15,6,3,10,3,27,18,87,71,14,51,14,15,1,5,0,0,0,0,3,1,2014,0-1,01-Mar,6.6,5.2,7.2,20,15
1,0,Away Team,1,2,32,68,113,7,9,1,11,9,23,1,3,5,5,15,15,69,90,13,30,12,20,5,4,1,0,1,0,2,1,2014,0-0,01-Feb,6.7,4.2,7.8,11,24
1,0,Away Team,1,3,55,45,-18,3,4,5,9,11,17,3,4,7,9,19,22,83,81,14,23,16,20,3,4,1,0,0,0,3,1,2014,0-1,01-Mar,7.3,4.6,7.5,7,11
1,0,Away Team,0,3,50,50,0,4,3,6,5,11,8,1,0,5,2,23,22,82,81,14,30,17,13,3,3,0,0,0,0,3,0,2014,0-2,0-3,5.2,5.7,7.4,10,8
1,0,Away Team,0,1,44,56,27,10,5,2,5,18,14,6,4,4,4,23,24,77,83,23,20,14,14,4,1,0,0,0,0,1,0,2014,0-1,0-1,3.7,5.9,7,13,12
1,0,Away Team,0,1,48,52,8,9,14,3,4,14,20,2,2,6,5,18,18,82,84,20,32,14,16,2,4,0,0,2,0,1,0,2014,0-0,0-1,5,4.9,6.8,16,6
1,0,Away Team,0,1,61,39,-36,12,8,5,6,19,21,2,7,5,6,37,8,83,77,14,24,14,13,3,1,1,0,0,0,1,0,2014,0-1,0-1,5.4,4.6,7.5,20,9
1,0,Away Team,1,4,49,51,4,8,6,3,11,15,20,4,3,5,6,18,19,79,82,17,25,9,18,1,4,0,0,0,0,4,1,2014,0-1,01-Apr,8.2,4.8,8.1,17,11
1,0,Away Team,2,3,65,35,-46,10,2,8,7,24,10,6,1,13,3,31,12,83,68,10,46,17,13,1,2,0,0,0,1,3,2,2014,44593,02-Mar,9.1,5.7,6.2,17,22
1,0,Away Team,2,3,55,45,-18,5,3,6,7,13,12,2,2,3,4,25,17,77,78,18,23,15,18,2,0,0,0,0,0,3,2,2014,2-0,02-Mar,7.3,5.7,6.6,20,10
1,0,Away Team,2,3,51,49,-4,8,3,3,5,16,11,5,3,8,4,24,15,82,82,10,33,8,10,1,2,0,0,0,0,3,2,2014,44562,02-Mar,7.6,5.7,7,11,16
1,0,Away Team,1,2,31,69,123,3,5,6,7,11,14,2,2,8,2,17,17,74,89,16,9,14,14,3,3,0,0,2,0,2,1,2014,44562,01-Feb,7.2,4.9,6.4,10,11
1,0,Away Team,1,2,66,34,-48,9,7,7,4,20,14,4,3,9,3,17,13,90,82,12,30,21,7,5,2,0,0,0,0,2,1,2014,44562,01-Feb,7,6,6.4,9,9
1,0,Away Team,0,1,46,54,17,6,7,1,2,8,14,1,5,5,6,30,32,70,77,27,26,13,20,2,0,0,0,0,0,1,0,2014,0-0,0-1,2.9,6,7.3,16,21
1,0,Away Team,1,4,46,54,17,9,4,6,7,17,13,2,2,9,7,16,21,74,80,16,26,11,22,3,1,0,0,0,0,4,1,2014,44562,01-Apr,6.7,4.8,7.2,20,18
1,0,Away Team,0,1,53,47,-11,11,7,7,6,19,17,1,4,4,3,22,14,82,80,8,23,14,20,3,3,0,0,0,0,1,0,2014,0-1,0-1,4.5,5.4,7.1,14,12
1,0,Away Team,0,1,58,42,-28,8,6,3,3,15,12,4,3,11,4,24,25,80,77,16,36,13,12,2,1,1,0,0,0,1,0,2014,0-0,0-1,3.8,5.7,6.9,13,18
1,0,Away Team,2,3,47,53,13,3,4,5,4,9,10,1,2,7,8,26,20,76,81,18,21,16,17,2,4,0,1,0,0,3,2,2014,44593,02-Mar,7.5,5.8,6,9,9
1,0,Away Team,0,1,43,57,33,5,7,2,4,11,13,4,2,4,8,22,28,76,81,24,17,21,15,3,0,0,0,0,0,1,0,2014,0-0,0-1,3.4,5.7,6.4,24,13
1,0,Away Team,1,2,62,38,-39,4,2,3,2,16,6,9,2,4,8,37,26,79,62,16,30,16,12,4,4,0,0,0,0,2,1,2014,0-0,01-Feb,5.5,5.4,6.5,12,16
1,0,Away Team,1,3,43,57,33,10,2,1,5,16,9,5,2,5,6,20,22,78,82,13,41,19,19,3,0,0,0,0,0,3,1,2014,44593,01-Mar,6.3,4.9,7.5,12,16
1,0,Away Team,2,4,63,37,-41,4,1,7,5,16,7,5,1,4,2,21,17,83,70,26,35,16,15,2,5,1,1,0,0,4,2,2014,0-2,02-Apr,8.8,5.1,6.8,19,15
1,0,Away Team,1,2,57,43,-25,4,7,2,3,7,12,1,2,2,5,23,19,86,84,20,38,13,13,2,2,0,0,0,0,2,1,2014,0-0,01-Feb,5.9,5,7.8,9,10
1,0,Away Team,0,1,66,34,-48,10,3,5,2,21,6,6,1,10,2,25,22,83,68,14,49,14,22,1,3,0,0,0,0,1,0,2015,0-0,0-1,3.6,6.6,6.7,29,19
1,0,Away Team,1,2,47,53,13,6,9,3,7,13,26,4,10,3,12,27,28,74,80,22,17,10,11,2,2,0,0,0,0,2,1,2015,1-0,01-Feb,6,5.5,7.1,13,19
1,0,Away Team,1,3,58,42,-28,5,7,4,3,14,12,5,2,8,5,23,32,81,72,30,24,15,19,1,2,0,0,0,0,3,1,2015,1-0,01-Mar,5.7,5.4,7.1,10,24
1,0,Away Team,0,1,45,55,22,1,5,2,2,6,9,3,2,10,5,20,14,77,84,20,30,15,13,3,1,0,0,0,0,1,0,2015,0-0,0-1,3.5,6.2,7.3,15,17
1,0,Away Team,0,1,62,38,-39,15,0,7,1,25,5,3,4,10,0,28,28,83,71,10,40,16,15,4,3,0,1,0,0,1,0,2015,0-1,0-1,3.9,6.2,6.4,24,15
1,0,Away Team,1,2,31,69,123,4,3,5,5,10,12,1,4,2,6,18,25,72,84,27,13,11,17,3,4,0,0,0,0,2,1,2015,0-1,01-Feb,6.1,6,6.4,11,13
1,0,Away Team,0,2,43,57,33,12,10,5,3,18,20,1,7,3,8,28,18,72,78,17,33,16,15,4,3,0,0,0,0,2,0,2015,0-1,0-2,5.3,5.7,6.2,17,19
1,0,Away Team,1,2,41,59,44,4,4,2,6,7,12,1,2,2,5,20,19,74,83,16,15,26,14,5,3,1,0,0,0,2,1,2015,1-0,01-Feb,6,4.8,7.8,12,13
1,0,Away Team,0,1,45,55,22,9,7,2,3,15,14,4,4,8,8,17,26,77,82,33,41,16,13,3,1,0,0,0,0,1,0,2015,0-1,0-1,3.4,6.5,6.4,17,30
1,0,Away Team,0,2,50,50,0,5,8,1,4,7,13,2,1,1,2,22,20,82,84,9,13,21,23,2,4,1,0,0,0,2,0,2015,0-1,0-2,4.2,4.8,7.4,4,5
1,0,Away Team,0,1,34,66,94,8,5,3,2,12,8,1,1,4,3,18,13,76,87,14,21,21,15,3,4,0,0,0,0,1,0,2015,0-1,0-1,3.1,6.3,6.5,16,14
1,0,Away Team,2,3,47,53,13,6,5,3,3,11,9,2,1,7,1,28,18,75,77,20,36,24,21,5,3,1,0,0,0,3,2,2015,0-3,02-Mar,7.3,5.5,6.8,17,13
1,0,Away Team,0,1,49,51,4,5,7,2,4,9,13,2,2,2,5,27,21,81,83,13,20,21,15,1,6,1,0,0,0,1,0,2015,0-1,0-1,3.5,6,6.9,10,18
1,0,Away Team,0,1,50,50,0,6,6,1,3,10,13,3,4,4,5,19,22,83,81,24,18,12,19,2,4,0,0,0,0,1,0,2015,0-1,0-1,3.1,6,7,15,13
1,0,Away Team,1,2,38,62,63,3,7,1,3,6,13,2,3,3,10,12,19,69,83,36,19,18,13,3,3,0,1,0,0,2,1,2015,1-0,01-Feb,5.7,5.5,7.3,16,13
1,0,Away Team,1,4,31,69,123,3,2,2,8,5,12,0,2,2,3,10,11,80,92,9,10,10,15,4,2,0,0,1,0,4,1,2015,0-3,01-Apr,6.2,4,8.6,7,12
1,0,Away Team,2,4,39,61,56,9,2,5,8,14,13,0,3,6,3,19,20,79,87,5,23,15,16,4,3,0,0,0,0,4,2,2015,0-3,02-Apr,9,5.1,7.3,12,10
1,0,Away Team,0,4,39,61,56,5,3,2,4,12,11,5,4,5,1,19,26,74,82,12,17,12,11,3,3,0,0,0,0,4,0,2015,0-1,0-4,4.9,4.7,8.2,14,15
1,0,Away Team,0,1,55,45,-18,8,2,6,4,17,9,3,3,6,6,15,24,85,77,14,33,8,15,1,3,0,0,0,0,1,0,2015,0-1,0-1,4.1,6,7.3,20,21
1,0,Away Team,1,2,40,60,50,3,9,2,4,8,14,3,1,3,8,11,27,78,86,30,19,16,9,3,2,1,0,0,0,2,1,2015,1-0,01-Feb,6.1,5.7,6.6,12,15
1,0,Away Team,1,2,71,29,-59,11,2,4,4,21,6,6,0,8,1,28,23,88,66,13,33,9,17,2,5,0,1,0,0,2,1,2015,0-2,01-Feb,6.1,6.1,6.5,9,13
1,0,Away Team,0,1,34,66,94,3,10,1,4,7,18,3,4,2,8,20,19,68,84,25,23,18,12,1,2,0,0,0,0,1,0,2015,0-0,0-1,3.7,5.7,7,13,25
1,0,Away Team,0,1,44,56,27,2,3,3,6,7,11,2,2,2,2,25,25,81,85,9,17,11,15,1,2,0,1,0,0,1,0,2015,0-0,0-1,3.5,5.9,6.7,14,11
1,0,Away Team,0,2,37,63,70,2,4,1,2,2,9,0,3,5,2,21,19,76,86,8,26,17,11,5,2,0,0,0,0,2,0,2015,0-1,0-2,3.4,5,7.6,5,16
1,0,Away Team,1,3,61,39,-36,3,5,4,3,10,9,3,1,7,3,35,25,75,65,12,30,21,11,2,2,0,0,0,0,3,1,2015,0-1,01-Mar,5.9,5.7,7.3,7,10
1,0,Away Team,0,1,49,51,4,7,6,4,5,15,14,4,3,6,4,16,13,80,83,8,26,25,15,6,4,0,0,0,0,1,0,2015,0-0,0-1,4,5.5,6.7,13,9
1,0,Away Team,0,2,56,44,-21,6,4,2,4,11,10,3,2,9,4,33,12,80,77,15,45,15,10,1,1,0,0,0,0,2,0,2015,0-2,0-2,4.5,5.7,7,18,14
1,0,Away Team,0,1,48,52,8,5,3,8,2,16,7,3,2,5,2,28,17,81,80,14,16,12,7,2,1,0,0,0,0,1,0,2015,0-1,0-1,3.9,6,6.9,14,10
1,0,Away Team,1,3,46,54,17,2,7,4,4,12,11,6,0,4,3,20,22,78,84,16,10,14,23,2,3,0,0,0,0,3,1,2015,44593,01-Mar,5.9,5.7,7,7,12
1,0,Away Team,0,2,42,58,38,1,9,2,7,3,20,0,4,1,8,27,15,80,88,15,15,23,10,3,3,0,0,0,0,2,0,2015,0-1,0-2,4.6,4.7,7.7,2,1
1,0,Away Team,0,2,27,73,170,1,10,3,10,3,22,0,2,3,6,14,17,65,90,22,17,8,9,3,2,0,0,0,0,2,0,2015,0-0,0-2,4.9,4.9,7.9,13,8
1,0,Away Team,0,1,62,38,-39,7,7,1,2,15,14,7,5,10,3,29,10,80,74,14,44,13,22,2,1,0,0,0,0,1,0,2015,0-0,0-1,3.8,5.8,6.9,12,14
1,0,Away Team,1,2,55,45,-18,8,4,3,3,19,9,8,2,9,5,25,29,75,72,16,43,18,26,4,3,0,0,0,0,2,1,2015,0-2,01-Feb,5.5,5.9,6.2,12,15
1,0,Away Team,0,2,58,42,-28,8,1,3,3,17,4,6,0,9,3,29,23,77,62,20,36,23,22,1,4,0,2,1,0,2,0,2015,0-1,0-2,4.6,5.4,6.1,30,23
1,0,Away Team,2,3,48,52,8,4,6,6,5,12,14,2,3,3,6,17,21,72,77,19,20,20,17,5,2,0,0,0,0,3,2,2015,44562,02-Mar,8.6,5.9,6.5,20,17
1,0,Away Team,1,2,50,50,0,4,7,3,5,9,15,2,3,9,7,32,26,69,71,28,31,9,19,0,3,0,0,1,0,2,1,2015,1-0,01-Feb,5.8,5.4,7.5,20,19
1,0,Away Team,0,3,41,59,44,8,8,0,4,11,16,3,4,1,7,15,18,76,88,13,13,13,15,2,3,0,0,0,0,3,0,2015,0-0,0-3,5.2,5,8,14,16
1,0,Away Team,0,2,63,37,-41,3,4,3,1,11,7,5,2,6,1,22,27,85,73,17,38,18,15,5,3,0,0,0,0,2,0,2015,0-2,0-2,3.7,5.9,6.8,12,19
1,0,Away Team,0,2,49,51,4,7,5,3,3,14,10,4,2,9,6,30,25,65,67,27,36,18,21,3,5,0,0,0,1,2,0,2015,0-0,0-2,4.9,5.5,6.4,21,18
1,0,Away Team,0,1,57,43,-25,8,4,4,5,18,11,6,2,12,0,31,21,80,74,13,39,18,7,1,4,0,0,0,0,1,0,2015,0-0,0-1,4.1,5.3,7,12,19
1,0,Away Team,1,3,57,43,-25,2,5,2,10,8,17,4,2,11,6,17,18,80,74,20,20,19,18,2,3,0,0,0,0,3,1,2015,0-3,01-Mar,6.9,4.8,7.5,9,15
1,0,Away Team,0,1,66,34,-48,6,4,4,2,19,10,9,4,10,7,26,26,83,70,28,37,13,19,0,3,0,1,1,0,1,0,2015,0-0,0-1,4.5,5.8,6.9,26,18
1,0,Away Team,0,4,55,45,-18,7,6,7,7,22,13,8,0,9,2,17,16,80,78,16,35,12,15,3,3,0,0,0,0,4,0,2015,0-2,0-4,6.7,4.9,7.9,5,9
1,0,Away Team,2,3,49,51,4,5,4,4,7,13,17,4,6,9,6,23,23,71,79,9,23,17,15,2,4,0,0,0,0,3,2,2015,44594,02-Mar,8.7,5.3,7.9,15,17
1,0,Away Team,2,3,34,66,94,4,2,3,6,11,10,4,2,3,3,25,29,73,85,20,22,16,15,1,0,0,0,0,0,3,2,2015,44593,02-Mar,7.6,5.8,6.7,6,18
1,0,Away Team,1,3,46,54,17,6,8,5,5,16,15,5,2,7,4,22,19,76,85,8,44,13,15,1,2,0,1,1,0,3,1,2015,0-0,01-Mar,6.9,4.8,7,7,17
1,0,Away Team,0,1,51,49,-4,6,5,1,6,10,12,3,1,7,7,16,20,78,77,27,26,22,16,2,2,0,1,0,0,1,0,2015,0-1,0-1,3.7,5.2,6.9,21,16
1,0,Away Team,2,4,30,70,133,6,6,6,10,15,22,3,6,2,11,22,14,64,82,29,15,14,11,5,3,0,0,0,0,4,2,2015,1-0,02-Apr,9.1,4.5,7.6,15,15
1,0,Away Team,1,2,65,35,-46,3,2,1,3,7,7,3,2,5,4,24,23,83,76,20,21,15,25,1,3,0,1,1,0,2,1,2015,0-1,01-Feb,5.9,5.2,6.6,18,19
1,0,Away Team,2,3,61,39,-36,4,4,10,5,18,11,4,2,12,5,28,15,87,75,20,35,18,16,6,1,0,0,0,0,3,2,2015,0-2,02-Mar,9.2,6.2,6.4,7,8
1,0,Away Team,0,1,58,42,-28,6,3,4,3,17,7,7,1,10,0,25,26,84,77,18,33,16,12,6,5,0,0,0,0,1,0,2015,0-0,0-1,3.9,6,6.7,16,14
1,0,Away Team,1,3,40,60,50,5,6,3,5,11,11,3,0,4,3,36,25,69,80,14,36,23,16,3,3,0,0,0,0,3,1,2015,0-2,01-Mar,5.8,5.5,7.5,17,21
1,0,Away Team,0,1,48,52,8,10,7,4,3,16,14,2,4,8,5,25,24,83,80,16,24,9,10,2,2,0,0,0,0,1,0,2015,0-1,0-1,3.7,6.4,6.3,2,12
1,0,Away Team,1,3,68,32,-53,4,2,7,6,17,10,6,2,6,2,23,28,86,73,14,24,15,23,3,4,0,0,0,0,3,1,2015,0-1,01-Mar,7.4,5.3,7.2,12,8
1,0,Away Team,0,1,58,42,-28,9,4,6,6,21,15,6,5,9,7,26,19,79,71,13,25,16,19,3,3,0,0,0,0,1,0,2015,0-0,0-1,4.8,5.9,6.5,12,25
1,0,Away Team,0,2,53,47,-11,7,7,2,2,14,13,7,4,4,5,21,20,82,80,15,33,14,18,2,2,0,0,0,0,2,0,2015,0-0,0-2,4.2,5.9,7.6,15,17
1,0,Away Team,0,1,48,52,8,7,6,6,4,19,11,6,1,7,1,17,25,80,81,13,16,21,22,3,6,0,0,0,0,1,0,2015,0-0,0-1,4.3,5.7,7.1,12,9
1,0,Away Team,0,1,61,39,-36,10,3,2,2,16,8,4,3,5,4,15,31,83,72,15,27,20,16,2,2,0,0,0,0,1,0,2015,0-0,0-1,3.5,5.3,7.2,26,14
1,0,Away Team,0,1,60,40,-33,16,4,7,2,31,9,8,3,10,3,22,13,78,74,23,65,16,25,2,4,0,0,0,0,1,0,2015,0-1,0-1,4.3,5.7,6.8,15,15
1,0,Away Team,1,5,25,75,200,4,6,3,10,9,24,2,8,3,9,20,24,69,90,24,5,12,10,2,1,0,0,0,0,5,1,2015,0-2,01-May,6.4,4,8.7,6,6
1,0,Away Team,1,2,50,50,0,5,5,2,5,9,13,2,3,5,8,23,25,83,84,25,26,18,16,2,4,0,0,1,0,2,1,2015,0-1,01-Feb,5.9,5.5,6.8,5,10
1,0,Away Team,0,4,38,62,63,5,5,3,8,8,13,0,0,3,4,15,13,81,88,12,16,10,16,1,1,0,0,1,0,4,0,2015,0-4,0-4,5.7,4.3,8.5,9,14
1,0,Away Team,0,2,56,44,-21,7,5,2,7,14,16,5,4,4,5,30,20,80,79,12,25,9,16,0,2,0,0,0,0,2,0,2015,0-0,0-2,4.9,5.2,7.3,19,24
1,0,Away Team,2,4,44,56,27,2,10,4,9,8,23,2,4,7,3,14,10,82,87,11,17,14,12,2,1,1,0,0,0,4,2,2015,44593,02-Apr,8.6,4.2,7.9,3,7
1,0,Away Team,0,4,36,64,78,4,15,2,10,6,30,0,5,0,4,8,18,76,87,13,7,12,7,3,2,0,0,0,0,4,0,2015,0-2,0-4,6.2,4.6,9,14,14
1,0,Away Team,0,2,47,53,13,6,3,6,5,17,13,5,5,8,7,26,21,81,81,17,25,12,15,1,3,0,1,0,0,2,0,2015,0-1,0-2,5.9,5.8,6.6,13,13
1,0,Away Team,0,2,41,59,44,7,5,0,5,8,11,1,1,4,3,23,26,73,82,7,12,17,13,4,2,0,0,0,0,2,0,2015,0-2,0-2,3.8,4.9,7.9,10,15
1,0,Away Team,0,2,35,65,86,5,4,2,8,12,16,5,4,6,6,18,24,75,86,23,22,16,15,3,0,0,0,0,0,2,0,2015,0-2,0-2,4.5,5.3,7.5,13,14
1,0,Away Team,1,2,52,48,-8,5,4,4,3,12,8,3,1,6,2,17,9,78,77,21,39,25,18,3,3,0,0,0,0,2,1,2015,44562,01-Feb,5.4,4.9,7.3,16,18
1,0,Away Team,0,2,32,68,113,4,9,0,9,5,25,1,7,2,6,17,23,61,87,30,16,23,15,3,1,0,0,0,0,2,0,2015,0-0,0-2,4.9,4.4,7.5,4,15
1,0,Away Team,1,3,27,73,170,3,8,2,6,7,19,2,5,4,6,27,24,52,85,35,20,14,8,5,1,0,0,0,0,3,1,2015,0-0,01-Mar,6,4.8,7.3,8,25
1,0,Away Team,1,2,71,29,-59,11,8,6,2,29,10,12,0,16,1,27,20,83,60,12,34,11,25,2,6,0,0,0,0,2,1,2015,0-1,01-Feb,5.7,5.9,5.9,14,10
1,0,Away Team,0,1,53,47,-11,7,3,2,2,10,11,1,6,8,5,25,27,77,73,16,25,15,11,0,1,0,0,0,0,1,0,2015,0-0,0-1,3.8,6,7.2,23,20
1,0,Away Team,1,3,50,50,0,8,9,5,8,18,20,5,3,9,3,24,20,87,81,17,26,12,22,1,2,0,0,0,0,3,1,2015,44593,01-Mar,6.7,4.7,7.4,13,10
1,0,Away Team,2,3,48,52,8,4,4,5,8,13,14,4,2,4,2,33,25,71,80,10,24,13,13,4,3,1,0,0,0,3,2,2015,0-0,02-Mar,9.4,5.3,7.2,6,14
1,0,Away Team,1,3,47,53,13,3,7,3,6,8,15,2,2,4,4,21,24,83,84,17,18,12,15,2,2,1,0,0,0,3,1,2015,44593,01-Mar,6,5.3,7.2,10,11
1,0,Away Team,0,2,63,37,-41,7,2,3,6,15,8,5,0,6,3,38,29,75,57,22,37,16,20,1,2,0,0,0,0,2,0,2015,0-1,0-2,4.1,5.2,7,25,12
1,0,Away Team,0,3,46,54,17,4,5,4,8,11,14,3,1,6,4,34,15,78,84,6,30,12,14,2,3,0,0,0,0,3,0,2015,0-3,0-3,5.8,5.2,7.9,13,13
1,0,Away Team,0,2,42,58,38,5,4,3,5,13,9,5,0,7,4,26,21,69,80,21,25,18,13,3,2,0,0,0,0,2,0,2015,0-1,0-2,4.5,5.6,6.9,7,17
1,0,Away Team,1,2,39,61,56,5,3,3,7,10,15,2,5,3,6,23,24,75,86,22,27,16,16,2,3,0,0,0,0,2,1,2015,0-1,01-Feb,6.3,5.7,7.1,13,24
1,0,Away Team,0,1,24,76,217,2,6,1,7,5,18,2,5,4,9,19,26,71,89,29,14,12,9,2,2,0,0,0,0,1,0,2015,0-1,0-1,3.5,5.3,7.2,12,21
1,0,Away Team,0,1,65,35,-46,7,3,7,6,16,12,2,3,5,7,32,18,79,61,31,40,19,18,4,3,0,0,0,0,1,0,2015,0-1,0-1,4.7,4.6,7.2,14,18
1,0,Away Team,1,4,42,58,38,3,4,6,7,10,14,1,3,2,3,16,19,74,82,28,20,26,19,4,3,0,0,0,1,4,1,2015,0-2,01-Apr,6.3,5.7,7.2,7,10
1,0,Away Team,1,2,64,36,-44,2,2,3,5,8,11,3,4,9,6,21,25,75,61,13,43,22,15,2,3,1,0,0,0,2,1,2015,0-1,01-Feb,5.8,4.7,7.4,27,22
1,0,Away Team,1,3,42,58,38,8,1,1,7,11,9,2,1,7,5,33,18,71,81,14,26,10,20,3,3,0,0,0,0,3,1,2015,44593,01-Mar,5.4,5.3,7.2,10,15
1,0,Away Team,1,4,41,59,44,10,9,3,6,18,17,5,2,10,5,26,20,75,81,17,27,14,9,5,2,1,0,0,0,4,1,2015,0-1,01-Apr,8.1,4.8,7.6,11,20
1,0,Away Team,1,2,60,40,-33,5,7,2,3,10,12,3,2,9,2,19,20,91,86,6,26,13,13,2,5,1,0,1,0,2,1,2015,1-0,01-Feb,6.3,5.1,6.5,11,5
1,0,Away Team,0,1,60,40,-33,3,3,1,1,9,4,5,0,10,7,26,24,81,70,13,34,17,14,3,1,0,0,0,0,1,0,2015,0-1,0-1,2.9,5.8,7.3,14,21
1,0,Away Team,0,1,36,64,78,7,11,2,3,15,20,6,6,4,6,21,25,67,83,32,22,19,14,6,2,1,0,0,0,1,0,2015,0-0,0-1,4.5,5.1,6.4,20,18
1,0,Away Team,0,1,61,39,-36,11,1,5,4,17,9,1,4,11,2,32,21,79,69,18,45,13,20,2,1,0,0,0,0,1,0,2015,0-1,0-1,3.9,5.9,6.7,15,12
1,0,Away Team,1,2,44,56,27,5,4,5,4,11,9,1,1,2,2,22,21,80,84,19,20,20,21,4,3,0,0,0,0,2,1,2015,44562,01-Feb,6.4,6.1,6.6,9,15
1,0,Away Team,0,3,32,68,113,2,6,2,8,7,19,3,5,5,7,15,31,72,86,16,27,13,14,2,3,0,0,0,0,3,0,2015,0-2,0-3,5,5,8,17,19
1,0,Away Team,0,1,51,49,-4,4,3,1,3,8,6,3,0,4,3,29,16,86,87,15,17,14,16,4,1,0,0,0,0,1,0,2015,0-0,0-1,3.7,5.4,7.5,12,9
2,2,Tie,0,0,55,45,-18,5,4,1,3,11,9,5,2,6,2,16,18,84,82,23,34,17,16,2,3,0,0,0,0,0,0,2014,0-0,0-0,2.2,6,6.6,15,16
2,2,Tie,1,1,41,59,44,4,2,5,4,13,10,4,4,4,4,17,30,73,78,49,27,22,26,3,2,0,0,0,0,1,1,2014,44562,01-Jan,4.4,6.5,6.3,15,22
2,2,Tie,0,0,39,61,56,6,9,2,2,11,14,3,3,6,10,11,18,80,87,19,11,9,10,1,1,0,0,0,1,0,0,2014,0-0,0-0,3.1,6,6.4,14,14
2,2,Tie,1,1,47,53,13,6,4,1,3,8,10,1,3,1,7,24,26,75,81,39,36,15,18,2,3,0,1,0,0,1,1,2014,1-0,01-Jan,4.5,6.6,6.1,18,18
2,2,Tie,0,0,65,35,-46,10,4,6,1,22,6,6,1,12,3,16,22,85,69,10,36,13,18,1,4,0,1,0,0,0,0,2014,0-0,0-0,3.2,7.3,5.9,11,18
2,2,Tie,2,2,37,63,70,3,6,5,5,8,17,0,6,3,7,25,33,73,82,27,29,20,9,4,1,0,0,0,0,2,2,2014,2-0,02-Feb,7.1,6.2,6.2,17,14
2,2,Tie,0,0,48,52,8,7,6,5,3,14,12,2,3,3,7,9,19,81,82,26,22,19,23,3,2,0,0,0,0,0,0,2014,0-0,0-0,2.9,6.3,6,10,12
2,2,Tie,1,1,39,61,56,7,8,2,3,13,13,4,2,5,2,27,30,72,82,25,31,16,9,2,4,0,0,0,0,1,1,2014,44562,01-Jan,4.6,6.5,6.1,15,13
2,2,Tie,2,2,45,55,22,5,7,6,6,13,15,2,2,3,5,16,20,76,81,33,23,13,21,2,3,1,0,0,0,2,2,2014,44563,02-Feb,8,6.6,6,12,12
2,2,Tie,0,0,72,28,-61,12,4,2,0,18,5,4,1,11,3,26,25,88,66,31,50,13,12,2,2,0,0,0,0,0,0,2014,0-0,0-0,2.7,6.8,5.8,34,16
2,2,Tie,2,2,55,45,-18,6,6,7,9,17,16,4,1,7,4,24,18,79,77,20,42,13,15,2,2,0,0,0,0,2,2,2014,0-1,02-Feb,7.9,5.9,6.9,21,9
2,2,Tie,3,3,60,40,-33,4,3,8,6,17,10,5,1,6,4,20,20,88,80,10,19,11,10,1,4,0,0,0,0,3,3,2014,44595,03-Mar,9.7,6.4,6.9,14,6
2,2,Tie,1,1,43,57,33,8,5,3,7,15,19,4,7,6,4,13,22,81,86,27,13,14,15,3,2,0,0,0,0,1,1,2014,0-0,01-Jan,5.1,6,6.7,11,12
2,2,Tie,1,1,45,55,22,9,2,4,3,18,6,5,1,11,1,32,24,74,77,11,53,20,14,3,1,0,0,0,0,1,1,2014,0-0,01-Jan,4.3,6.7,6.2,19,18
2,2,Tie,1,1,40,60,50,7,4,2,4,10,11,1,3,4,9,16,17,75,81,39,17,14,12,4,2,0,0,0,1,1,1,2014,44562,01-Jan,4.1,6.8,5.5,13,19
2,2,Tie,1,1,52,48,-8,9,2,3,5,14,7,2,0,7,1,23,23,82,85,13,39,10,12,3,3,0,0,0,0,1,1,2014,0-0,01-Jan,4.5,5,7.5,17,19
2,2,Tie,1,1,35,65,86,3,10,2,6,7,19,2,3,2,6,22,31,64,82,28,11,14,15,2,2,0,0,0,1,1,1,2014,44562,01-Jan,4.7,6.1,6.3,12,15
2,2,Tie,2,2,59,41,-31,5,4,4,8,13,13,4,1,8,0,24,20,83,76,11,43,19,15,3,6,0,1,0,0,2,2,2014,0-2,02-Feb,7.6,6.1,5.9,7,10
2,2,Tie,2,2,57,43,-25,11,6,5,5,22,13,6,2,6,4,17,22,85,77,22,20,8,12,2,3,0,0,0,0,2,2,2014,0-0,02-Feb,8.9,6.7,6.4,23,17
2,2,Tie,1,1,48,52,8,8,3,3,4,12,9,1,2,10,4,32,25,73,76,14,36,16,13,3,1,0,0,0,0,1,1,2014,1-0,01-Jan,4.7,5.8,7,12,20
2,2,Tie,0,0,35,65,86,5,6,2,4,12,20,5,10,6,14,15,16,76,86,37,21,14,12,2,3,0,0,0,0,0,0,2014,0-0,0-0,3.2,6.1,6.9,4,13
2,2,Tie,1,1,48,52,8,7,6,2,2,15,12,6,4,5,4,21,18,79,82,23,25,13,13,2,2,0,0,0,0,1,1,2014,1-0,01-Jan,4.1,6.4,6.7,17,11
2,2,Tie,1,1,25,75,200,3,10,2,6,7,18,2,2,4,5,13,29,64,86,28,19,18,12,4,2,1,0,0,0,1,1,2014,0-0,01-Jan,5.5,5.4,6.3,14,27
2,2,Tie,1,1,49,51,4,6,5,5,3,15,13,4,5,6,4,22,14,79,81,33,30,13,13,3,2,0,0,0,0,1,1,2014,44562,01-Jan,4.8,6.6,6.5,17,13
2,2,Tie,1,1,42,58,38,7,5,3,3,11,10,1,2,2,3,25,24,71,78,30,29,13,14,2,3,0,1,0,0,1,1,2014,0-1,01-Jan,4.1,6.4,6.1,23,20
2,2,Tie,0,0,44,56,27,6,4,1,3,12,10,5,3,5,5,30,20,70,80,22,49,20,16,1,6,0,0,0,0,0,0,2014,0-0,0-0,2.3,6.4,6.1,19,20
2,2,Tie,0,0,65,35,-46,10,3,2,1,20,7,8,3,10,6,20,17,83,72,18,27,12,23,0,5,0,0,0,0,0,0,2014,0-0,0-0,2.7,6.6,6,18,13
2,2,Tie,1,1,43,57,33,4,7,4,2,8,11,0,2,4,4,25,20,76,84,37,29,14,19,1,4,0,0,0,0,1,1,2014,1-0,01-Jan,3.8,6.9,5.5,13,29
2,2,Tie,0,0,56,44,-21,6,4,5,0,14,9,3,5,8,4,28,21,82,67,44,29,19,22,3,1,0,0,0,0,0,0,2014,0-0,0-0,2.6,6.8,5.8,33,21
2,2,Tie,2,2,44,56,27,6,4,8,3,19,10,5,3,5,5,16,9,82,85,24,22,13,23,1,4,0,1,0,0,2,2,2014,44562,02-Feb,8,6.5,5.9,13,2
2,2,Tie,1,1,46,54,17,6,2,5,5,13,9,2,2,6,2,19,19,72,80,17,21,19,24,5,4,0,0,0,1,1,1,2014,1-0,01-Jan,5.6,5.9,6.3,13,10
2,2,Tie,1,1,59,41,-31,9,4,4,6,20,12,7,2,7,5,25,17,82,70,27,48,14,22,1,5,0,0,0,0,1,1,2014,44562,01-Jan,5.6,6.5,5.8,22,17
2,2,Tie,2,2,61,39,-36,7,10,4,4,17,16,6,2,5,8,16,15,87,82,22,41,9,13,1,2,1,0,0,0,2,2,2014,44562,02-Feb,8.9,6,6.2,24,12
2,2,Tie,3,3,60,40,-33,7,2,6,8,14,11,1,1,6,4,26,19,84,78,12,23,17,9,1,2,0,0,0,0,3,3,2014,44563,03-Mar,8.6,6.3,7.1,8,12
2,2,Tie,1,1,53,47,-11,4,8,3,5,9,14,2,1,3,5,22,26,78,74,26,14,8,11,3,2,0,0,0,0,1,1,2014,1-0,01-Jan,4.4,5.6,6.8,11,18
2,2,Tie,1,1,46,54,17,3,10,3,6,8,19,2,3,4,4,17,19,79,85,36,38,21,14,2,0,0,0,0,0,1,1,2014,0-0,01-Jan,5,6.4,5.8,15,10
2,2,Tie,1,1,44,56,27,5,4,2,3,10,8,3,1,7,4,24,25,80,87,21,24,17,12,2,2,0,0,0,0,1,1,2014,1-0,01-Jan,4.7,6.3,6.9,13,14
2,2,Tie,1,1,57,43,-25,5,5,2,5,16,11,9,1,3,3,33,10,84,78,20,38,10,11,2,0,0,0,0,0,1,1,2014,44562,01-Jan,4.8,5.9,7.5,19,14
2,2,Tie,0,0,36,64,78,4,6,2,4,8,12,2,2,1,13,26,30,61,80,29,33,9,8,1,0,0,0,0,0,0,0,2014,0-0,0-0,2.4,6.1,6.5,16,16
2,2,Tie,0,0,62,38,-39,9,4,4,1,22,6,9,1,11,2,30,23,84,67,32,39,14,23,2,3,0,0,0,0,0,0,2014,0-0,0-0,3.2,7.1,5.5,14,17
2,2,Tie,1,1,42,58,38,4,11,3,3,14,15,7,1,10,6,29,26,72,80,24,27,18,20,4,3,0,1,0,0,1,1,2014,0-0,01-Jan,5.1,6,6.4,19,23
2,2,Tie,0,0,48,52,8,3,5,1,3,9,10,5,2,4,5,24,19,78,82,15,25,11,17,2,3,0,0,0,0,0,0,2014,0-0,0-0,2.4,6.5,6.8,15,10
2,2,Tie,2,2,77,23,-70,9,1,5,3,21,6,7,2,11,1,33,10,86,67,13,58,17,15,3,3,1,1,0,0,2,2,2014,0-2,02-Feb,8,6.5,5.7,15,12
2,2,Tie,2,2,61,39,-36,12,3,6,3,21,7,3,1,6,1,22,18,83,72,8,39,10,16,1,3,0,0,0,0,2,2,2014,44593,02-Feb,7.2,6,6.4,17,13
2,2,Tie,2,2,56,44,-21,4,5,10,4,20,10,6,1,9,2,32,16,83,79,10,39,14,15,2,2,0,0,0,0,2,2,2014,0-1,02-Feb,8,7,6.7,19,12
2,2,Tie,1,1,65,35,-46,10,5,8,3,19,10,1,2,8,4,19,12,88,77,13,26,18,11,2,5,0,0,0,0,1,1,2014,1-0,01-Jan,5.4,6.8,5.8,13,9
2,2,Tie,0,0,45,55,22,4,3,0,3,6,12,2,6,4,3,26,20,73,81,14,26,22,20,4,4,0,0,0,0,0,0,2014,0-0,0-0,2,5.8,6.9,8,8
2,2,Tie,0,0,56,44,-21,5,2,3,3,17,10,9,5,10,2,32,25,81,77,13,38,13,17,2,4,0,1,0,0,0,0,2014,0-0,0-0,2.9,6.4,5.9,7,9
2,2,Tie,1,1,52,48,-8,3,2,9,2,17,6,5,2,12,6,24,24,80,75,56,43,15,17,4,1,0,0,0,0,1,1,2014,0-0,01-Jan,4.9,6,6.2,17,17
2,2,Tie,0,0,62,38,-39,3,2,5,7,16,9,8,0,10,2,21,20,84,73,21,30,17,21,4,3,0,1,0,0,0,0,2014,0-0,0-0,3.4,6,6.4,7,18
2,2,Tie,1,1,59,41,-31,9,2,6,4,18,9,3,3,11,3,23,19,82,72,13,33,11,16,3,4,0,0,0,0,1,1,2014,1-0,01-Jan,5.3,6,6.5,22,14
2,2,Tie,2,2,66,34,-48,8,4,5,4,20,8,7,0,13,5,22,14,85,65,19,53,14,23,3,5,0,1,0,0,2,2,2014,44593,02-Feb,7.6,6.5,5.5,24,19
2,2,Tie,2,2,64,36,-44,6,2,6,2,16,5,4,1,9,0,22,17,86,71,13,43,7,14,1,4,0,0,0,0,2,2,2014,0-2,02-Feb,6.8,7.1,6,25,13
2,2,Tie,0,0,50,50,0,7,2,6,3,18,8,5,3,9,0,15,17,79,79,22,20,18,17,2,3,0,0,0,0,0,0,2014,0-0,0-0,3.1,7,5.3,22,15
2,2,Tie,2,2,62,38,-39,6,1,7,6,17,7,4,1,12,2,23,17,77,58,24,31,13,14,4,4,0,0,0,0,2,2,2014,0-1,02-Feb,7.3,6.1,5.7,21,21
2,2,Tie,0,0,62,38,-39,9,2,5,5,19,10,5,3,11,1,17,17,87,80,21,29,17,20,1,4,1,1,0,0,0,0,2014,0-0,0-0,3.9,6.7,5.8,7,12
2,2,Tie,1,1,52,48,-8,3,8,5,2,11,13,3,3,11,3,28,18,80,80,29,34,10,12,2,5,0,0,0,1,1,1,2014,1-0,01-Jan,4.9,7,6.4,16,14
2,2,Tie,1,1,61,39,-36,8,3,2,3,18,6,8,0,10,4,24,21,78,66,15,42,13,22,3,2,0,0,0,0,1,1,2014,44562,01-Jan,4.4,5.9,6.3,21,12
2,2,Tie,1,1,65,35,-46,17,5,5,1,27,8,5,2,9,0,24,22,84,67,7,29,15,15,1,4,0,1,0,0,1,1,2014,0-1,01-Jan,5.2,6.5,5.7,14,16
2,2,Tie,2,2,61,39,-36,4,5,4,7,11,13,3,1,3,5,28,18,83,74,15,19,14,13,4,4,0,0,0,0,2,2,2014,0-2,02-Feb,7.3,6,6.8,17,18
2,2,Tie,1,1,50,50,0,4,4,5,4,16,11,7,3,9,7,38,36,64,68,32,39,13,19,4,0,1,0,0,0,1,1,2014,0-0,01-Jan,5.4,5.7,7.1,11,19
2,2,Tie,0,0,60,40,-33,9,6,5,1,19,8,5,1,10,3,39,24,81,68,18,44,12,15,1,2,0,0,0,0,0,0,2014,0-0,0-0,2.6,7.2,5.8,22,10
2,2,Tie,1,1,38,62,63,2,6,3,3,6,12,1,3,1,3,13,29,72,86,19,17,15,19,2,3,0,0,0,0,1,1,2014,1-0,01-Jan,3.9,6.8,6,12,12
2,2,Tie,3,3,60,40,-33,2,4,7,10,12,15,3,1,4,5,23,21,79,69,17,38,16,22,1,4,0,0,0,0,3,3,2014,44562,03-Mar,9.2,6,7.2,3,17
2,2,Tie,2,2,48,52,8,3,4,3,6,12,12,6,2,5,7,21,14,76,83,24,41,18,18,1,4,0,0,0,0,2,2,2014,0-1,02-Feb,7.3,6,7,9,14
2,2,Tie,1,1,46,54,17,4,5,6,6,14,16,4,5,11,8,19,28,79,76,41,37,20,17,3,3,0,0,0,0,1,1,2014,1-0,01-Jan,5.8,6.1,6.8,20,13
2,2,Tie,1,1,45,55,22,7,9,3,6,17,15,7,0,6,4,20,15,80,81,17,27,19,17,2,2,0,0,0,0,1,1,2014,1-0,01-Jan,4.9,5.9,6.6,10,11
2,2,Tie,1,1,47,53,13,6,2,4,5,14,9,4,2,8,2,15,26,79,80,30,20,19,17,2,1,1,0,0,0,1,1,2014,1-0,01-Jan,5.2,6.2,6.7,8,15
2,2,Tie,1,1,56,44,-21,10,3,3,1,19,7,6,3,7,3,24,24,83,77,19,30,18,10,3,3,0,1,1,0,1,1,2014,0-1,01-Jan,5.1,5.7,6.8,10,13
2,2,Tie,0,0,34,66,94,6,8,2,2,11,13,3,3,5,9,14,29,69,82,46,20,13,16,2,1,0,0,0,0,0,0,2014,0-0,0-0,2.7,6.3,6.4,18,12
2,2,Tie,1,1,51,49,-4,2,11,5,4,10,19,3,4,3,5,27,32,74,70,27,28,29,20,4,5,0,0,0,0,1,1,2014,44562,01-Jan,4.6,6.2,5.9,19,13
2,2,Tie,1,1,42,58,38,3,8,2,3,7,16,2,5,2,3,25,18,77,85,18,17,23,17,3,2,0,0,1,0,1,1,2014,1-0,01-Jan,4.8,5.7,7,16,11
2,2,Tie,1,1,45,55,22,7,5,7,3,17,11,3,3,4,5,19,15,78,80,14,29,19,15,3,3,0,0,0,0,1,1,2014,44562,01-Jan,4.7,6.4,6.2,9,10
2,2,Tie,0,0,68,32,-53,8,4,4,1,19,5,7,1,10,5,25,13,87,68,20,44,7,14,0,4,0,0,0,0,0,0,2014,0-0,0-0,2.7,7.1,6.1,10,14
2,2,Tie,2,2,38,62,63,5,6,6,4,12,15,1,5,4,3,19,38,72,83,39,22,11,18,2,2,0,0,0,0,2,2,2014,44593,02-Feb,6.6,7.5,5.4,18,24
2,2,Tie,1,1,23,77,235,6,5,2,7,8,16,0,4,6,8,15,15,71,89,39,34,11,8,2,3,0,0,0,0,1,1,2014,44562,01-Jan,4.8,6.1,7.2,11,12
2,2,Tie,1,1,61,39,-36,12,3,4,5,23,11,7,3,8,1,17,18,87,74,16,31,19,12,1,4,0,0,0,0,1,1,2014,0-0,01-Jan,5.5,6.1,5.9,11,9
2,2,Tie,1,1,40,60,50,6,6,3,4,9,17,0,7,3,8,30,22,70,79,30,22,18,19,4,1,0,0,0,0,1,1,2014,44562,01-Jan,4.6,6.3,6.7,7,13
2,2,Tie,0,0,41,59,44,2,5,3,2,11,11,6,4,6,4,17,26,77,81,11,29,16,14,1,3,0,0,0,0,0,0,2014,0-0,0-0,2.8,7,5.7,13,9
2,2,Tie,0,0,47,53,13,8,8,3,3,17,15,6,4,8,3,17,24,77,78,20,30,14,17,3,3,0,0,0,0,0,0,2014,0-0,0-0,3,6.3,6.3,9,6
2,2,Tie,1,1,58,42,-28,2,5,3,1,8,10,3,4,1,5,25,14,83,78,21,25,11,16,5,5,1,0,0,0,1,1,2014,0-0,01-Jan,4.2,6.1,6.2,18,7
2,2,Tie,2,2,60,40,-33,6,5,4,4,18,13,8,4,9,3,15,21,85,76,25,23,11,20,1,3,0,0,0,0,2,2,2014,44562,02-Feb,7.8,6.3,6,15,15
2,2,Tie,0,0,38,62,63,1,2,2,1,3,7,0,4,5,3,26,35,69,79,40,29,17,15,1,2,0,0,0,0,0,0,2014,0-0,0-0,1.6,6.9,6.2,19,15
2,2,Tie,0,0,48,52,8,4,4,4,2,14,8,6,2,5,4,26,29,78,79,21,28,24,18,2,2,1,0,0,0,0,0,2014,0-0,0-0,2.7,6.2,6.7,23,13
2,2,Tie,0,0,40,60,50,4,6,2,2,10,11,4,3,4,8,20,28,69,77,19,39,19,16,4,2,0,0,0,0,0,0,2014,0-0,0-0,2.2,6.4,6,10,8
2,2,Tie,1,1,50,50,0,4,9,2,2,6,15,0,4,9,6,27,37,75,76,24,25,15,15,2,2,0,0,0,0,1,1,2014,0-1,01-Jan,4.1,6.7,5.8,18,10
2,2,Tie,2,2,37,63,70,7,5,7,5,16,13,2,3,5,5,19,20,74,85,29,31,16,19,2,3,1,0,0,0,2,2,2014,0-0,02-Feb,7.9,6.1,6.2,12,13
2,2,Tie,1,1,37,63,70,7,9,5,2,16,14,4,3,4,5,23,30,75,82,22,17,11,12,2,1,0,0,0,0,1,1,2014,1-0,01-Jan,5.6,6.5,7.3,15,11
2,2,Tie,0,0,50,50,0,9,6,5,0,19,8,5,2,5,3,30,25,76,77,30,33,17,16,2,3,0,0,1,0,0,0,2014,0-0,0-0,2.9,6.2,5.8,30,22
2,2,Tie,1,1,67,33,-51,10,5,4,1,19,9,5,3,7,2,25,15,86,70,34,40,15,18,1,1,0,0,0,0,1,1,2014,0-1,01-Jan,4.3,6.2,7.2,22,20
2,2,Tie,1,1,69,31,-55,5,4,10,3,20,9,5,2,8,5,16,16,88,68,22,47,16,16,4,5,0,1,0,0,1,1,2014,0-0,01-Jan,6.3,6.7,5.3,20,24
2,2,Tie,2,2,33,67,103,4,3,5,4,11,12,2,5,8,5,11,17,67,83,28,24,12,11,3,3,0,0,0,0,2,2,2014,1-0,02-Feb,7.3,6.4,6.1,12,12
2,2,Tie,1,1,66,34,-48,7,6,6,2,18,13,5,5,5,2,27,24,88,78,13,26,10,12,2,0,0,0,0,0,1,1,2014,44562,01-Jan,4.7,6.6,6.5,8,11
2,2,Tie,3,3,36,64,78,6,6,5,8,15,20,4,6,7,4,16,19,73,85,37,19,16,12,3,3,0,0,0,0,3,3,2014,2-0,03-Mar,8.8,5,8,14,15
2,2,Tie,1,1,42,58,38,7,13,2,6,14,22,5,3,4,7,14,20,83,88,25,22,11,9,5,3,0,0,0,0,1,1,2014,0-0,01-Jan,5.2,5.8,6.8,12,14
2,2,Tie,1,1,57,43,-25,11,5,6,3,26,11,9,3,7,5,21,17,88,82,10,26,11,17,3,2,0,0,0,0,1,1,2014,0-0,01-Jan,5.4,6.7,6.2,11,12
2,2,Tie,0,0,62,38,-39,9,1,3,3,18,5,6,2,14,4,28,15,82,71,18,53,8,19,2,3,0,0,0,0,0,0,2014,0-0,0-0,2.4,5.6,7.1,15,14
2,2,Tie,1,1,44,56,27,7,8,1,8,9,21,1,5,4,6,11,14,83,84,25,16,16,16,2,3,0,0,0,0,1,1,2014,1-0,01-Jan,4.9,5.7,7,12,11
2,2,Tie,1,1,60,40,-33,4,1,7,3,17,5,6,1,11,1,24,14,88,79,16,22,15,19,4,5,0,0,0,0,1,1,2014,44562,01-Jan,4.8,6.5,5.9,19,10
2,2,Tie,1,1,49,51,4,4,5,7,1,16,8,5,2,4,3,24,18,79,80,26,38,18,15,3,4,0,0,0,0,1,1,2014,1-0,01-Jan,5.4,6.6,5.6,13,11
2,2,Tie,2,2,63,37,-41,3,5,5,5,12,15,4,5,13,2,32,21,84,72,20,18,11,16,0,1,0,0,0,0,2,2,2014,44563,02-Feb,7.7,7.2,6.1,13,12
2,2,Tie,0,0,55,45,-18,7,2,3,3,17,7,7,2,9,3,22,14,88,85,24,26,16,10,4,2,0,0,0,0,0,0,2014,0-0,0-0,2.8,6.7,6.6,8,7
2,2,Tie,2,2,50,50,0,7,8,5,10,17,21,5,3,7,1,30,17,78,79,15,25,17,15,3,1,0,0,0,0,2,2,2014,44562,02-Feb,8.9,5.2,7.2,15,21
2,2,Tie,1,1,55,45,-18,10,3,7,1,23,7,6,3,8,2,17,17,79,74,21,19,16,16,2,5,0,0,0,0,1,1,2014,1-0,01-Jan,4.8,6.6,6.2,14,16
2,2,Tie,1,1,59,41,-31,8,6,5,4,21,12,8,2,6,7,16,20,86,74,36,33,11,14,3,4,1,0,0,0,1,1,2014,0-0,01-Jan,5.2,6.6,6.9,9,12
2,2,Tie,2,2,49,51,4,9,6,3,4,16,14,4,4,8,4,20,13,83,85,13,26,9,17,2,3,0,0,0,0,2,2,2014,44563,02-Feb,7.7,6.5,5.9,9,9
2,2,Tie,2,2,55,45,-18,5,6,5,7,10,16,0,3,2,3,32,35,71,68,29,44,21,18,3,4,0,0,0,0,2,2,2014,0-0,02-Feb,6.8,6.3,5.1,26,27
2,2,Tie,0,0,41,59,44,3,6,2,2,6,13,1,5,6,6,14,24,74,80,19,22,12,22,3,3,0,0,0,0,0,0,2014,0-0,0-0,2.3,6.1,7,16,12
2,2,Tie,0,0,70,30,-57,11,5,3,4,23,11,9,2,11,5,20,13,88,65,14,34,15,10,3,1,0,0,0,0,0,0,2014,0-0,0-0,3.8,5.9,6.5,17,24
2,2,Tie,1,1,48,52,8,6,5,6,5,16,14,4,4,9,5,27,23,70,78,30,30,12,21,2,6,0,0,0,0,1,1,2014,0-0,01-Jan,5.5,6.6,6,21,27
2,2,Tie,1,1,53,47,-11,8,5,4,6,13,15,1,4,8,3,16,18,87,83,15,22,15,7,1,2,0,0,0,0,1,1,2014,1-0,01-Jan,5.6,6.4,6.8,8,10
2,2,Tie,2,2,55,45,-18,9,5,4,3,19,14,6,6,11,3,14,16,80,73,15,29,15,15,3,5,0,0,0,0,2,2,2014,44594,02-Feb,7.8,6.8,5.4,14,12
2,2,Tie,2,2,40,60,50,6,3,5,12,13,23,2,8,4,10,16,23,78,85,38,9,9,11,2,1,0,0,0,0,2,2,2014,44563,02-Feb,8.5,5.9,7.7,10,14
2,2,Tie,1,1,53,47,-11,6,2,4,5,18,11,8,4,4,5,19,28,80,78,22,18,12,13,3,3,0,0,0,0,1,1,2014,0-0,01-Jan,5.6,6.3,6.2,9,9
2,2,Tie,2,2,50,50,0,2,4,7,7,14,12,5,1,6,3,12,11,84,87,28,21,12,11,1,2,0,0,0,0,2,2,2014,44563,02-Feb,7.8,6.2,6.8,6,8
2,2,Tie,1,1,43,57,33,5,4,8,3,14,11,1,4,5,5,20,19,81,86,28,28,17,13,1,0,0,0,0,0,1,1,2014,0-0,01-Jan,5.9,7.1,6,13,7
2,2,Tie,2,2,39,61,56,9,9,4,4,16,16,3,3,6,4,19,9,86,90,13,22,17,10,3,1,0,0,0,1,2,2,2014,0-1,02-Feb,8.6,5.9,6.1,15,7
2,2,Tie,2,2,60,40,-33,5,6,7,3,17,10,5,1,7,4,16,13,90,79,20,17,12,13,0,1,0,0,0,0,2,2,2014,0-0,02-Feb,8.1,6.8,6.3,11,14
2,2,Tie,3,3,52,48,-8,5,4,5,5,13,15,3,6,3,6,34,25,80,74,29,40,20,17,5,2,0,0,0,0,3,3,2014,44621,03-Mar,9,6,6.8,15,13
2,2,Tie,1,1,57,43,-25,3,5,5,6,13,14,5,3,9,5,20,26,79,73,25,23,19,17,2,3,0,0,0,0,1,1,2014,1-0,01-Jan,5.2,6.4,6.6,6,14
2,2,Tie,1,1,33,67,103,4,10,7,7,12,20,1,3,3,7,12,10,69,85,21,7,9,11,2,1,0,0,0,0,1,1,2015,0-0,01-Jan,5.2,6.4,6.6,15,19
2,2,Tie,2,2,59,41,-31,11,4,7,4,27,9,9,1,4,1,25,21,87,79,7,17,9,8,0,2,0,0,0,0,2,2,2015,2-0,02-Feb,7.8,6.6,6.1,9,3
2,2,Tie,1,1,69,31,-55,14,3,7,3,26,6,5,0,5,3,24,13,89,66,22,37,21,20,3,5,0,0,0,0,1,1,2015,0-1,01-Jan,5.6,5.9,6.5,21,10
2,2,Tie,2,2,51,49,-4,7,4,3,5,12,10,2,1,3,3,31,15,81,82,9,21,18,20,5,2,0,0,0,0,2,2,2015,0-0,02-Feb,6.8,5.8,6.3,13,8
2,2,Tie,2,2,65,35,-46,5,5,6,2,13,9,2,2,3,3,32,13,81,69,18,23,16,18,3,3,0,0,0,0,2,2,2015,44562,02-Feb,7.1,6.4,6.3,21,14
2,2,Tie,2,2,41,59,44,8,7,2,4,16,17,6,6,5,5,26,19,80,86,22,14,12,14,2,4,0,0,0,0,2,2,2015,44563,02-Feb,7.2,6.5,6.1,4,11
2,2,Tie,2,2,66,34,-48,10,2,7,4,21,12,4,6,11,3,30,22,86,73,15,34,15,15,2,3,0,0,0,0,2,2,2015,44593,02-Feb,7.5,7,6.3,9,12
2,2,Tie,1,1,55,45,-18,9,2,3,3,15,9,3,4,8,2,22,31,80,71,30,26,21,19,3,4,0,1,0,0,1,1,2015,0-0,01-Jan,5.4,6.4,6.1,18,11
2,2,Tie,0,0,28,72,157,9,11,1,4,11,22,1,7,4,4,15,30,69,88,27,10,13,16,3,3,0,0,0,0,0,0,2015,0-0,0-0,2.8,6.2,6.4,13,16
2,2,Tie,1,1,69,31,-55,18,3,7,1,36,9,11,5,10,5,21,18,90,71,15,27,16,10,2,3,0,0,0,0,1,1,2015,0-0,01-Jan,6.6,6.5,6.8,20,12
2,2,Tie,1,1,54,46,-15,6,6,5,2,13,12,2,4,4,2,24,30,76,69,44,18,16,22,3,1,0,0,0,0,1,1,2015,44562,01-Jan,4.4,6,7.1,27,25
2,2,Tie,1,1,34,66,94,6,6,6,7,15,17,3,4,9,8,9,20,78,90,36,11,14,12,2,4,0,0,0,0,1,1,2015,0-0,01-Jan,5.5,6.3,6.5,14,8
2,2,Tie,1,1,45,55,22,2,4,2,3,6,8,2,1,7,1,16,22,81,83,25,27,27,12,3,4,0,0,0,0,1,1,2015,0-0,01-Jan,3.8,6.1,6.4,9,11
2,2,Tie,1,1,47,53,13,3,7,2,5,8,15,3,3,8,8,21,19,80,82,34,18,14,11,2,2,0,0,0,0,1,1,2015,1-0,01-Jan,4.7,6.4,6.6,18,17
2,2,Tie,0,0,46,54,17,2,9,2,4,8,15,4,2,4,9,26,11,81,85,22,14,14,14,3,5,0,0,0,0,0,0,2015,0-0,0-0,3.4,6.3,6.6,10,16
2,2,Tie,1,1,44,56,27,6,9,2,7,10,19,2,3,3,10,18,17,77,83,29,24,11,11,3,2,0,1,0,0,1,1,2015,0-0,01-Jan,5.6,5.8,6.5,13,26
2,2,Tie,3,3,45,55,22,7,5,7,4,17,9,3,0,4,2,24,21,78,78,18,24,10,19,2,1,0,0,0,0,3,3,2015,44563,03-Mar,9,6.6,6.5,10,21
2,2,Tie,1,1,47,53,13,7,4,3,5,14,17,4,8,6,5,18,19,81,85,13,16,19,15,2,4,0,1,0,0,1,1,2015,0-0,01-Jan,5.3,6.2,6.8,5,9
2,2,Tie,0,0,39,61,56,3,5,6,3,11,11,2,3,5,6,22,30,66,79,40,25,19,17,2,3,0,0,0,0,0,0,2015,0-0,0-0,2.9,7,5.6,21,23
2,2,Tie,0,0,49,51,4,10,4,2,2,14,6,2,0,10,1,24,22,73,74,19,41,14,12,1,2,0,0,0,0,0,0,2015,0-0,0-0,2.3,6.5,6.5,28,22
2,2,Tie,0,0,40,60,50,6,6,1,8,9,18,2,4,1,6,14,28,72,82,24,16,12,16,3,2,0,0,0,0,0,0,2015,0-0,0-0,2.9,5.8,6.9,10,9
2,2,Tie,1,1,49,51,4,9,4,2,3,15,10,4,3,4,3,28,19,76,75,18,11,19,10,3,2,0,0,0,0,1,1,2015,44562,01-Jan,4.3,6.7,6,13,6
2,2,Tie,0,0,41,59,44,3,10,3,4,8,15,2,1,4,6,32,21,72,79,18,29,15,19,4,4,0,0,0,0,0,0,2015,0-0,0-0,2.6,6,6.6,10,14
2,2,Tie,2,2,49,51,4,9,5,5,3,18,10,4,2,6,5,28,18,69,74,29,31,16,23,2,4,0,1,0,0,2,2,2015,44563,02-Feb,7.6,6.6,5.6,34,19
2,2,Tie,2,2,48,52,8,3,5,3,5,9,14,3,4,5,5,38,36,48,46,51,42,22,18,5,4,0,0,0,0,2,2,2015,1-0,02-Feb,7,5.2,5.7,14,25
2,2,Tie,2,2,65,35,-46,7,5,5,5,18,15,6,5,6,3,23,17,87,77,10,24,20,12,5,3,0,0,0,0,2,2,2015,0-2,02-Feb,8,6,7,8,6
2,2,Tie,1,1,63,37,-41,11,3,3,8,18,13,4,2,10,2,26,21,76,64,16,25,18,17,3,3,0,0,0,0,1,1,2015,0-1,01-Jan,5,5.6,7,24,13
2,2,Tie,1,1,50,50,0,6,7,2,4,16,17,8,6,7,4,26,21,76,78,26,26,16,16,2,2,0,0,0,0,1,1,2015,44562,01-Jan,4.4,6.5,6.8,18,9
2,2,Tie,1,1,40,60,50,4,2,5,3,11,5,2,0,2,5,18,22,76,86,13,14,18,13,3,4,0,0,0,0,1,1,2015,0-0,01-Jan,4.8,6.3,6,11,15
2,2,Tie,0,0,39,61,56,5,5,3,7,11,20,3,8,2,12,21,34,62,78,32,31,15,22,0,2,0,0,0,0,0,0,2015,0-0,0-0,3.2,6.4,6.6,13,19
2,2,Tie,1,1,56,44,-21,8,6,6,2,17,11,3,3,9,7,19,27,80,71,35,32,11,16,3,6,0,0,1,0,1,1,2015,0-0,01-Jan,4.9,6.3,5.7,18,11
2,2,Tie,0,0,60,40,-33,7,3,4,0,12,4,1,1,7,1,29,15,82,74,5,29,13,17,2,3,0,0,0,0,0,0,2015,0-0,0-0,2,7,5.6,20,22
2,2,Tie,1,1,57,43,-25,10,5,2,5,14,11,2,1,7,0,26,32,83,73,10,26,16,15,2,4,0,0,0,0,1,1,2015,0-0,01-Jan,4.7,6.2,6.3,14,12
2,2,Tie,1,1,59,41,-31,7,2,3,5,13,8,3,3,8,5,27,23,80,75,23,33,12,11,2,4,0,0,0,0,1,1,2015,44562,01-Jan,4.3,6.4,6.5,17,11
2,2,Tie,1,1,46,54,17,3,9,6,5,10,16,1,2,6,8,31,26,72,75,25,29,15,14,2,1,0,0,0,0,1,1,2015,44562,01-Jan,4.9,6.5,6.4,18,11
2,2,Tie,0,0,65,35,-46,11,2,0,2,15,5,4,1,9,7,33,29,80,57,10,32,12,9,2,1,0,0,0,0,0,0,2015,0-0,0-0,1.9,5.9,7.1,18,15
2,2,Tie,3,3,55,45,-18,5,6,6,5,12,14,1,3,8,2,28,30,80,75,14,34,12,13,3,2,0,0,0,0,3,3,2015,44593,03-Mar,9.5,6.9,5.9,16,14
2,2,Tie,2,2,70,30,-57,16,2,3,2,30,5,11,1,8,1,29,31,84,56,13,29,14,21,2,2,1,0,0,0,2,2,2015,44593,02-Feb,7.2,5.7,6.3,23,17
2,2,Tie,1,1,43,57,33,5,9,5,6,12,17,2,2,4,8,21,25,76,78,24,9,9,15,3,3,0,0,0,0,1,1,2015,1-0,01-Jan,5.4,6,6.4,10,9
2,2,Tie,1,1,43,57,33,8,7,5,2,17,13,4,4,8,8,13,16,73,79,31,34,14,19,4,5,0,0,0,0,1,1,2015,44562,01-Jan,4.8,6.4,6.1,18,13
2,2,Tie,1,1,68,32,-53,10,4,4,3,16,10,2,3,8,2,25,19,83,66,16,50,14,16,0,2,0,0,0,0,1,1,2015,1-0,01-Jan,5,6.4,6.1,15,11
2,2,Tie,1,1,37,63,70,10,5,5,5,15,14,0,4,3,6,23,19,73,83,23,17,18,13,3,3,0,0,0,0,1,1,2015,1-0,01-Jan,4.7,6.4,6.5,6,12
2,2,Tie,2,2,36,64,78,4,4,3,3,8,10,1,3,2,7,27,29,63,79,39,20,16,17,1,2,0,0,1,0,2,2,2015,2-0,02-Feb,6.7,6.2,6.5,14,22
2,2,Tie,0,0,48,52,8,6,10,1,3,11,16,4,3,5,1,31,27,67,72,25,19,15,19,2,1,0,0,0,0,0,0,2015,0-0,0-0,2.1,6,6.3,21,29
2,2,Tie,2,2,62,38,-39,6,3,6,5,16,10,4,2,2,3,24,23,84,72,17,19,12,22,2,4,0,0,0,0,2,2,2015,44562,02-Feb,7.5,6.8,6.3,11,11
2,2,Tie,1,1,70,30,-57,6,2,7,4,18,12,5,6,7,6,23,20,85,61,11,15,8,17,3,4,0,1,0,0,1,1,2015,1-0,01-Jan,6,6.4,6.4,19,14
2,2,Tie,1,1,46,54,17,5,7,9,2,17,10,3,1,3,3,34,20,69,79,19,43,19,20,2,2,0,0,0,0,1,1,2015,44562,01-Jan,4.9,6.4,6.4,20,30
2,2,Tie,1,1,50,50,0,6,3,1,1,13,5,6,1,7,4,31,27,67,68,14,24,22,13,2,3,0,0,0,0,1,1,2015,0-1,01-Jan,3.3,6.7,6.2,23,27
2,2,Tie,1,1,47,53,13,1,5,5,1,6,9,0,3,3,5,26,29,76,78,22,16,24,17,2,4,0,0,0,0,1,1,2015,44562,01-Jan,4.1,6.3,5.9,13,13
2,2,Tie,0,0,34,66,94,7,9,1,1,11,17,3,7,5,5,18,18,67,84,34,18,8,19,3,4,1,0,0,1,0,0,2015,0-0,0-0,2.8,5.8,6.2,15,17
2,2,Tie,0,0,57,43,-25,7,6,6,3,16,10,3,1,5,2,20,16,81,74,12,28,13,18,0,4,0,0,0,0,0,0,2015,0-0,0-0,2.9,6.5,6.3,10,5
2,2,Tie,0,0,40,60,50,8,5,2,3,11,11,1,3,7,6,24,26,74,81,27,32,13,15,2,3,0,0,0,0,0,0,2015,0-0,0-0,2.7,6.5,6.5,14,7
2,2,Tie,2,2,46,54,17,4,6,4,6,9,14,1,2,2,6,25,26,78,81,21,11,12,21,3,3,0,0,0,0,2,2,2015,0-0,02-Feb,7.4,6.4,6.6,12,8
2,2,Tie,1,1,72,28,-61,9,2,4,2,19,5,6,1,6,3,33,17,87,60,8,26,11,27,3,6,0,0,0,0,1,1,2015,0-1,01-Jan,5,6.4,5.4,11,15
2,2,Tie,1,1,47,53,13,3,7,6,2,12,12,3,3,8,4,20,16,82,83,14,19,13,10,2,3,0,1,0,0,1,1,2015,0-0,01-Jan,4.6,7,6.3,11,13
2,2,Tie,0,0,50,50,0,3,6,1,2,5,10,1,2,2,9,25,31,71,68,40,21,12,18,3,3,0,0,0,0,0,0,2015,0-0,0-0,2.1,5.7,6.9,23,23
2,2,Tie,3,3,27,73,170,4,5,4,7,10,15,2,3,7,9,22,26,63,87,42,25,20,12,3,2,0,0,0,0,3,3,2015,44563,03-Mar,8.7,6,7,18,10
2,2,Tie,1,1,63,37,-41,10,2,5,5,22,9,7,2,9,0,24,23,82,64,24,40,14,14,1,3,0,0,0,0,1,1,2015,0-1,01-Jan,5.2,6.7,6.3,25,18
2,2,Tie,2,2,64,36,-44,10,2,6,2,23,7,7,3,7,3,20,23,83,67,9,29,21,23,3,1,0,1,0,0,2,2,2015,44562,02-Feb,7.5,6.2,6.3,13,11
2,2,Tie,0,0,40,60,50,6,5,2,3,11,9,3,1,5,3,25,18,76,81,23,22,19,14,3,4,0,0,0,0,0,0,2015,0-0,0-0,2.7,5.8,7.1,7,13
2,2,Tie,1,1,42,58,38,5,8,4,2,11,16,2,6,5,7,17,25,71,77,32,18,16,14,3,2,0,0,0,0,1,1,2015,44562,01-Jan,4.3,6.9,5.6,18,13
2,2,Tie,0,0,56,44,-21,6,4,2,2,10,9,2,3,7,6,20,19,79,78,24,27,10,15,2,4,0,0,0,0,0,0,2015,0-0,0-0,2.4,6.3,6.4,10,8
2,2,Tie,0,0,40,60,50,6,6,1,0,8,10,1,4,1,8,21,18,80,87,33,14,15,11,2,2,0,0,0,0,0,0,2015,0-0,0-0,2.1,6.8,6.7,13,6
2,2,Tie,0,0,58,42,-28,4,3,4,0,11,5,3,2,5,3,23,25,79,71,21,38,22,22,4,4,0,0,0,0,0,0,2015,0-0,0-0,2.5,5.7,6,16,6
2,2,Tie,0,0,34,66,94,4,9,1,2,9,18,4,7,6,6,28,29,60,83,28,19,13,12,2,0,0,0,0,0,0,0,2015,0-0,0-0,2.3,6.3,6.4,14,14
2,2,Tie,1,1,66,34,-48,10,2,4,2,19,7,5,3,6,3,32,17,86,71,17,34,12,14,0,2,0,0,0,0,1,1,2015,44562,01-Jan,4.4,6.7,6.8,13,14
2,2,Tie,0,0,44,56,27,2,10,4,5,7,17,1,2,7,4,24,13,75,81,19,20,15,12,3,1,0,0,0,0,0,0,2015,0-0,0-0,3,6.3,6.3,9,7
2,2,Tie,1,1,43,57,33,3,6,4,5,10,12,3,1,6,2,35,29,63,74,32,34,26,25,3,3,0,0,0,0,1,1,2015,0-0,01-Jan,4.4,6.1,5.8,15,27
2,2,Tie,1,1,49,51,4,8,1,1,5,12,6,3,1,5,3,21,22,82,81,15,20,8,16,0,1,0,0,0,0,1,1,2015,44562,01-Jan,4.4,6.3,6.8,9,9
2,2,Tie,1,1,38,62,63,7,5,4,5,13,12,2,2,3,4,16,21,69,83,39,27,19,18,3,2,0,0,0,0,1,1,2015,1-0,01-Jan,4.8,6.1,6.7,11,12
2,2,Tie,0,0,70,30,-57,9,2,4,2,17,6,4,2,12,4,18,18,86,64,6,40,17,17,1,3,0,0,0,0,0,0,2015,0-0,0-0,3.1,6.6,6.7,16,21
2,2,Tie,1,1,60,40,-33,4,6,5,5,15,13,6,2,7,2,25,15,84,74,13,34,16,16,2,3,0,0,0,0,1,1,2015,0-1,01-Jan,5.4,6.7,6.1,5,12
2,2,Tie,0,0,38,62,63,10,6,5,1,20,10,5,3,7,3,20,15,77,83,29,45,18,15,4,3,0,0,0,0,0,0,2015,0-0,0-0,3.5,7.1,5.8,15,11
2,2,Tie,1,1,63,37,-41,4,3,4,4,10,12,2,5,9,3,24,20,85,78,19,29,12,15,2,1,0,0,0,0,1,1,2015,1-0,01-Jan,4.8,6.6,6.6,8,7
2,2,Tie,0,0,58,42,-28,6,5,3,2,12,13,3,6,8,6,20,21,84,76,19,22,15,18,1,2,0,0,0,0,0,0,2015,0-0,0-0,2.6,6.5,6.3,18,10
2,2,Tie,1,1,59,41,-31,6,2,6,2,16,6,4,2,8,2,30,25,83,75,17,28,15,14,2,2,0,0,0,0,1,1,2015,0-0,01-Jan,4.5,6.5,6.2,15,21
2,2,Tie,1,1,61,39,-36,4,4,1,3,13,8,8,1,3,3,29,22,78,62,13,16,12,23,2,4,0,0,0,0,1,1,2015,0-1,01-Jan,3.5,6.6,6.8,20,25
2,2,Tie,0,0,31,69,123,5,11,5,6,14,25,4,8,4,4,24,26,60,81,25,23,24,10,4,4,0,0,0,0,0,0,2015,0-0,0-0,4.4,6,6.2,13,13
2,2,Tie,1,1,57,43,-25,9,3,5,2,20,9,6,4,12,4,27,18,78,74,16,30,9,24,1,2,0,1,0,0,1,1,2015,44562,01-Jan,5.3,7,6.1,21,12
2,2,Tie,1,1,60,40,-33,7,2,8,4,20,8,5,2,10,3,14,15,86,75,13,24,9,19,1,3,0,1,0,0,1,1,2015,44562,01-Jan,5.8,7.3,5.8,9,10
2,2,Tie,1,1,68,32,-53,7,1,5,2,14,7,2,4,15,3,21,26,83,68,11,52,15,9,1,2,0,0,0,0,1,1,2015,0-1,01-Jan,5,6.8,6,23,22
